student_id,assessment_id,assessment_status,fuzzy_status,axis,mastery_score,fuzzy_state,evidence_count,fuzzy_score,fuzzy_coverage,membership_low,membership_medium,membership_high
stu_1776848582102_8186,test_1776848340577_ghi7b5y,completed_original,full_assessment,arithmetic_fluency,1,emerging,23,30,1,0.4533029612756264,0,0
stu_1776848582102_8186,test_1776848340577_ghi7b5y,completed_original,full_assessment,number_sense,1,emerging,23,52,1,0,0.9456,0.02165605095541401
stu_1776848582102_8186,test_1776848340577_ghi7b5y,completed_original,full_assessment,sequential_thinking,1,emerging,23,94,1,0,0,0.8654205607476635
stu_1776848582102_8186,test_1776848340577_ghi7b5y,completed_original,full_assessment,comparison_skill,1,emerging,23,80,1,0,0,0.6190476190476191
stu_1776848582102_8186,test_1776848340577_ghi7b5y,completed_original,full_assessment,visual_matching,1,emerging,23,50,0,0,1,0
stu_1776848582102_8186,test_1776848340577_ghi7b5y,completed_original,full_assessment,audio_recognition,1,emerging,23,30,1,0.4,0,0
stu_1776848747452_2240,test_1776848340577_ghi7b5y,completed_original,full_assessment,arithmetic_fluency,1.4,emerging,14,30,1,0.4533029612756264,0,0
stu_1776848747452_2240,test_1776848340577_ghi7b5y,completed_original,full_assessment,number_sense,1.4,emerging,14,30,1,0.4110429447852761,0,0
stu_1776848747452_2240,test_1776848340577_ghi7b5y,completed_original,full_assessment,sequential_thinking,1.4,emerging,14,72,1,0,0.0409638554216865,0.3719626168224298
stu_1776848747452_2240,test_1776848340577_ghi7b5y,completed_original,full_assessment,comparison_skill,1.4,emerging,14,43,1,0.09473684210526316,0.76,0
stu_1776848747452_2240,test_1776848340577_ghi7b5y,completed_original,full_assessment,visual_matching,1.4,emerging,14,50,0,0,1,0
stu_1776848747452_2240,test_1776848340577_ghi7b5y,completed_original,full_assessment,audio_recognition,1.4,emerging,14,30,1,0.4,0,0
stu_1776848878846_8648,test_1776848340577_ghi7b5y,completed_original,full_assessment,arithmetic_fluency,1,emerging,31,78,1,0,0,0.5124653739612188
stu_1776848878846_8648,test_1776848340577_ghi7b5y,completed_original,full_assessment,number_sense,1,emerging,31,100,1,0,0,0
stu_1776848878846_8648,test_1776848340577_ghi7b5y,completed_original,full_assessment,sequential_thinking,1,emerging,31,90,1,0,0,0.7757009345794392
stu_1776848878846_8648,test_1776848340577_ghi7b5y,completed_original,full_assessment,comparison_skill,1,emerging,31,100,1,0,0,0
stu_1776848878846_8648,test_1776848340577_ghi7b5y,completed_original,full_assessment,visual_matching,1,emerging,31,50,0,0,1,0
stu_1776848878846_8648,test_1776848340577_ghi7b5y,completed_original,full_assessment,audio_recognition,1,emerging,31,83,1,0,0,0.66
stu_1776848879378_2063,test_1776848340577_ghi7b5y,completed_original,full_assessment,arithmetic_fluency,1.4,emerging,13,30,1,0.4533029612756264,0,0
stu_1776848879378_2063,test_1776848340577_ghi7b5y,completed_original,full_assessment,number_sense,1.4,emerging,13,30,1,0.4110429447852761,0,0
stu_1776848879378_2063,test_1776848340577_ghi7b5y,completed_original,full_assessment,sequential_thinking,1.4,emerging,13,94,1,0,0,0.8654205607476635
stu_1776848879378_2063,test_1776848340577_ghi7b5y,completed_original,full_assessment,comparison_skill,1.4,emerging,13,100,1,0,0,0
stu_1776848879378_2063,test_1776848340577_ghi7b5y,completed_original,full_assessment,visual_matching,1.4,emerging,13,50,0,0,1,0
stu_1776848879378_2063,test_1776848340577_ghi7b5y,completed_original,full_assessment,audio_recognition,1.4,emerging,13,30,1,0.4,0,0
stu_1776848879823_1392,test_1776848340577_ghi7b5y,partial,partial_assessment,arithmetic_fluency,1,emerging,15,30,1,0.4533029612756264,0,0
stu_1776848879823_1392,test_1776848340577_ghi7b5y,partial,partial_assessment,number_sense,1,emerging,15,52,1,0,0.9456,0.02165605095541401
stu_1776848879823_1392,test_1776848340577_ghi7b5y,partial,partial_assessment,sequential_thinking,1,emerging,15,94,1,0,0,0.8654205607476635
stu_1776848879823_1392,test_1776848340577_ghi7b5y,partial,partial_assessment,comparison_skill,1,emerging,15,100,1,0,0,0
stu_1776848879823_1392,test_1776848340577_ghi7b5y,partial,partial_assessment,visual_matching,1,emerging,15,50,0,0,1,0
stu_1776848879823_1392,test_1776848340577_ghi7b5y,partial,partial_assessment,audio_recognition,1,emerging,15,30,1,0.4,0,0
stu_1777023080044_2956,test_1777023978840_kask7x7,completed_original,full_assessment,arithmetic_fluency,5.61,proficient,24,88,1,0,0,0.5656108597285068
stu_1777023080044_2956,test_1777023978840_kask7x7,completed_original,full_assessment,number_sense,5.61,proficient,24,95,1,0,0,0.875
stu_1777023080044_2956,test_1777023978840_kask7x7,completed_original,full_assessment,sequential_thinking,5.61,proficient,24,97,1,0,0,0.9234042553191489
stu_1777023080044_2956,test_1777023978840_kask7x7,completed_original,full_assessment,comparison_skill,5.61,proficient,24,100,1,0,0,0
stu_1777023080044_2956,test_1777023978840_kask7x7,completed_original,full_assessment,visual_matching,5.61,proficient,24,50,0,0,1,0
stu_1777023080044_2956,test_1777023978840_kask7x7,completed_original,full_assessment,audio_recognition,5.61,proficient,24,50,0,0,1,0
stu_1777023761242_7194,test_1777023978840_kask7x7,completed_original,full_assessment,arithmetic_fluency,5.61,proficient,20,93,1,0,0,0.746606334841629
stu_1777023761242_7194,test_1777023978840_kask7x7,completed_original,full_assessment,number_sense,5.61,proficient,20,97,1,0,0,0.925
stu_1777023761242_7194,test_1777023978840_kask7x7,completed_original,full_assessment,sequential_thinking,5.61,proficient,20,98,1,0,0,0.948936170212766
stu_1777023761242_7194,test_1777023978840_kask7x7,completed_original,full_assessment,comparison_skill,5.61,proficient,20,100,1,0,0,0
stu_1777023761242_7194,test_1777023978840_kask7x7,completed_original,full_assessment,visual_matching,5.61,proficient,20,50,0,0,1,0
stu_1777023761242_7194,test_1777023978840_kask7x7,completed_original,full_assessment,audio_recognition,5.61,proficient,20,50,0,0,1,0
stu_1777023761468_62,test_1777023978840_kask7x7,completed_original,full_assessment,arithmetic_fluency,5.61,proficient,27,90,1,0,0,0.6380090497737556
stu_1777023761468_62,test_1777023978840_kask7x7,completed_original,full_assessment,number_sense,5.61,proficient,27,96,1,0,0,0.9
stu_1777023761468_62,test_1777023978840_kask7x7,completed_original,full_assessment,sequential_thinking,5.61,proficient,27,98,1,0,0,0.948936170212766
stu_1777023761468_62,test_1777023978840_kask7x7,completed_original,full_assessment,comparison_skill,5.61,proficient,27,100,1,0,0,0
stu_1777023761468_62,test_1777023978840_kask7x7,completed_original,full_assessment,visual_matching,5.61,proficient,27,50,0,0,1,0
stu_1777023761468_62,test_1777023978840_kask7x7,completed_original,full_assessment,audio_recognition,5.61,proficient,27,50,0,0,1,0
stu_1777023761689_8905,test_1777023978840_kask7x7,completed_original,full_assessment,arithmetic_fluency,1,emerging,24,29,1,0.5993091537132987,0,0
stu_1777023761689_8905,test_1777023978840_kask7x7,completed_original,full_assessment,number_sense,1,emerging,24,88,1,0,0,0.7
stu_1777023761689_8905,test_1777023978840_kask7x7,completed_original,full_assessment,sequential_thinking,1,emerging,24,61,1,0,0.9885714285714288,0.00425531914893611
stu_1777023761689_8905,test_1777023978840_kask7x7,completed_original,full_assessment,comparison_skill,1,emerging,24,30,1,0.3684210526315789,0.06666666666666667,0
stu_1777023761689_8905,test_1777023978840_kask7x7,completed_original,full_assessment,visual_matching,1,emerging,24,50,0,0,1,0
stu_1777023761689_8905,test_1777023978840_kask7x7,completed_original,full_assessment,audio_recognition,1,emerging,24,50,0,0,1,0
stu_1777023761689_8905,test_1781049725283_3of3fqe,completed_original,full_assessment,arithmetic_fluency,3,developing,47,74,1,0,0.8156028368794326,0.058823529411764705
stu_1777023761689_8905,test_1781049725283_3of3fqe,completed_original,full_assessment,number_sense,3,developing,47,74,1,0,0.06666666666666667,0.35
stu_1777023761689_8905,test_1781049725283_3of3fqe,completed_original,full_assessment,sequential_thinking,3,developing,47,30,1,0.5443037974683544,0,0
stu_1777023761689_8905,test_1781049725283_3of3fqe,completed_original,full_assessment,comparison_skill,3,developing,47,100,1,0,0,0
stu_1777023761689_8905,test_1781049725283_3of3fqe,completed_original,full_assessment,visual_matching,3,developing,47,50,0,0,1,0
stu_1777023761689_8905,test_1781049725283_3of3fqe,completed_original,full_assessment,audio_recognition,3,developing,47,50,0,0,1,0
stu_1777023761898_3121,test_1777023978840_kask7x7,completed_original,full_assessment,arithmetic_fluency,5.61,proficient,25,90,1,0,0,0.6380090497737556
stu_1777023761898_3121,test_1777023978840_kask7x7,completed_original,full_assessment,number_sense,5.61,proficient,25,96,1,0,0,0.9
stu_1777023761898_3121,test_1777023978840_kask7x7,completed_original,full_assessment,sequential_thinking,5.61,proficient,25,98,1,0,0,0.948936170212766
stu_1777023761898_3121,test_1777023978840_kask7x7,completed_original,full_assessment,comparison_skill,5.61,proficient,25,100,1,0,0,0
stu_1777023761898_3121,test_1777023978840_kask7x7,completed_original,full_assessment,visual_matching,5.61,proficient,25,50,0,0,1,0
stu_1777023761898_3121,test_1777023978840_kask7x7,completed_original,full_assessment,audio_recognition,5.61,proficient,25,50,0,0,1,0
stu_1777023762111_459,test_1777023978840_kask7x7,completed_original,full_assessment,arithmetic_fluency,5.61,proficient,20,93,1,0,0,0.746606334841629
stu_1777023762111_459,test_1777023978840_kask7x7,completed_original,full_assessment,number_sense,5.61,proficient,20,97,1,0,0,0.925
stu_1777023762111_459,test_1777023978840_kask7x7,completed_original,full_assessment,sequential_thinking,5.61,proficient,20,98,1,0,0,0.948936170212766
stu_1777023762111_459,test_1777023978840_kask7x7,completed_original,full_assessment,comparison_skill,5.61,proficient,20,100,1,0,0,0
stu_1777023762111_459,test_1777023978840_kask7x7,completed_original,full_assessment,visual_matching,5.61,proficient,20,50,0,0,1,0
stu_1777023762111_459,test_1777023978840_kask7x7,completed_original,full_assessment,audio_recognition,5.61,proficient,20,50,0,0,1,0
stu_1777023762305_6832,test_1777023978840_kask7x7,completed_original,full_assessment,arithmetic_fluency,5.61,proficient,23,95,1,0,0,0.8190045248868778
stu_1777023762305_6832,test_1777023978840_kask7x7,completed_original,full_assessment,number_sense,5.61,proficient,23,98,1,0,0,0.95
stu_1777023762305_6832,test_1777023978840_kask7x7,completed_original,full_assessment,sequential_thinking,5.61,proficient,23,99,1,0,0,0.9744680851063829
stu_1777023762305_6832,test_1777023978840_kask7x7,completed_original,full_assessment,comparison_skill,5.61,proficient,23,100,1,0,0,0
stu_1777023762305_6832,test_1777023978840_kask7x7,completed_original,full_assessment,visual_matching,5.61,proficient,23,50,0,0,1,0
stu_1777023762305_6832,test_1777023978840_kask7x7,completed_original,full_assessment,audio_recognition,5.61,proficient,23,50,0,0,1,0
stu_1777023762504_1364,test_1777023978840_kask7x7,completed_original,full_assessment,arithmetic_fluency,5.13,proficient,25,98,1,0,0,0.9276018099547512
stu_1777023762504_1364,test_1777023978840_kask7x7,completed_original,full_assessment,number_sense,5.13,proficient,25,85,1,0,0,0.625
stu_1777023762504_1364,test_1777023978840_kask7x7,completed_original,full_assessment,sequential_thinking,5.13,proficient,25,99,1,0,0,0.9744680851063829
stu_1777023762504_1364,test_1777023978840_kask7x7,completed_original,full_assessment,comparison_skill,5.13,proficient,25,77,1,0,0,0.5619047619047619
stu_1777023762504_1364,test_1777023978840_kask7x7,completed_original,full_assessment,visual_matching,5.13,proficient,25,50,0,0,1,0
stu_1777023762504_1364,test_1777023978840_kask7x7,completed_original,full_assessment,audio_recognition,5.13,proficient,25,50,0,0,1,0
stu_1777023762504_1364,test_1781048227348_yh9wms9,completed_reconstructed,full_assessment,arithmetic_fluency,5,proficient,22,95,1,0,0,0.8
stu_1777023762504_1364,test_1781048227348_yh9wms9,completed_reconstructed,full_assessment,number_sense,5,proficient,22,98,1,0,0,0.9384615384615385
stu_1777023762504_1364,test_1781048227348_yh9wms9,completed_reconstructed,full_assessment,sequential_thinking,5,proficient,22,39,1,0.48,0,0
stu_1777023762504_1364,test_1781048227348_yh9wms9,completed_reconstructed,full_assessment,comparison_skill,5,proficient,22,50,0,0,1,0
stu_1777023762504_1364,test_1781048227348_yh9wms9,completed_reconstructed,full_assessment,visual_matching,5,proficient,22,50,0,0,1,0
stu_1777023762504_1364,test_1781048227348_yh9wms9,completed_reconstructed,full_assessment,audio_recognition,5,proficient,22,50,0,0,1,0
stu_1777023762699_4024,test_1777023978840_kask7x7,completed_original,full_assessment,arithmetic_fluency,1.39,emerging,6,30,1,0.5854922279792746,0,0
stu_1777023762699_4024,test_1777023978840_kask7x7,completed_original,full_assessment,number_sense,1.39,emerging,6,30,1,0.5,0,0
stu_1777023762699_4024,test_1777023978840_kask7x7,completed_original,full_assessment,sequential_thinking,1.39,emerging,6,51,1,0.16164383561643839,0.6131147540983606,0
stu_1777023762699_4024,test_1777023978840_kask7x7,completed_original,full_assessment,comparison_skill,1.39,emerging,6,30,1,0.3684210526315789,0.06666666666666667,0
stu_1777023762699_4024,test_1777023978840_kask7x7,completed_original,full_assessment,visual_matching,1.39,emerging,6,50,0,0,1,0
stu_1777023762699_4024,test_1777023978840_kask7x7,completed_original,full_assessment,audio_recognition,1.39,emerging,6,50,0,0,1,0
stu_1777023762699_4024,test_1781049725283_3of3fqe,completed_original,full_assessment,arithmetic_fluency,5.02,proficient,52,74,1,0,0.8156028368794326,0.058823529411764705
stu_1777023762699_4024,test_1781049725283_3of3fqe,completed_original,full_assessment,number_sense,5.02,proficient,52,87,1,0,0,0.675
stu_1777023762699_4024,test_1781049725283_3of3fqe,completed_original,full_assessment,sequential_thinking,5.02,proficient,52,83,1,0,0,0.5024390243902438
stu_1777023762699_4024,test_1781049725283_3of3fqe,completed_original,full_assessment,comparison_skill,5.02,proficient,52,90,1,0,0,0.8095238095238095
stu_1777023762699_4024,test_1781049725283_3of3fqe,completed_original,full_assessment,visual_matching,5.02,proficient,52,50,0,0,1,0
stu_1777023762699_4024,test_1781049725283_3of3fqe,completed_original,full_assessment,audio_recognition,5.02,proficient,52,50,0,0,1,0
stu_1777023762902_7362,test_1777023978840_kask7x7,completed_original,full_assessment,arithmetic_fluency,5.16,proficient,20,93,1,0,0,0.746606334841629
stu_1777023762902_7362,test_1777023978840_kask7x7,completed_original,full_assessment,number_sense,5.16,proficient,20,97,1,0,0,0.925
stu_1777023762902_7362,test_1777023978840_kask7x7,completed_original,full_assessment,sequential_thinking,5.16,proficient,20,98,1,0,0,0.948936170212766
stu_1777023762902_7362,test_1777023978840_kask7x7,completed_original,full_assessment,comparison_skill,5.16,proficient,20,90,1,0,0,0.8095238095238095
stu_1777023762902_7362,test_1777023978840_kask7x7,completed_original,full_assessment,visual_matching,5.16,proficient,20,50,0,0,1,0
stu_1777023762902_7362,test_1777023978840_kask7x7,completed_original,full_assessment,audio_recognition,5.16,proficient,20,50,0,0,1,0
stu_1777023763129_6667,test_1777023978840_kask7x7,completed_original,full_assessment,arithmetic_fluency,5.14,proficient,25,90,1,0,0,0.6380090497737556
stu_1777023763129_6667,test_1777023978840_kask7x7,completed_original,full_assessment,number_sense,5.14,proficient,25,96,1,0,0,0.9
stu_1777023763129_6667,test_1777023978840_kask7x7,completed_original,full_assessment,sequential_thinking,5.14,proficient,25,98,1,0,0,0.948936170212766
stu_1777023763129_6667,test_1777023978840_kask7x7,completed_original,full_assessment,comparison_skill,5.14,proficient,25,80,1,0,0,0.6190476190476191
stu_1777023763129_6667,test_1777023978840_kask7x7,completed_original,full_assessment,visual_matching,5.14,proficient,25,50,0,0,1,0
stu_1777023763129_6667,test_1777023978840_kask7x7,completed_original,full_assessment,audio_recognition,5.14,proficient,25,50,0,0,1,0
stu_1777340051462_9691,test_1777341418390_7p46nbr,completed_original,full_assessment,arithmetic_fluency,1,emerging,27,75,1,0,1,0
stu_1777340051462_9691,test_1777341418390_7p46nbr,completed_original,full_assessment,number_sense,1,emerging,27,94,1,0,0,0.8
stu_1777340051462_9691,test_1777341418390_7p46nbr,completed_original,full_assessment,sequential_thinking,1,emerging,27,97,1,0,0,0.9027027027027027
stu_1777340051462_9691,test_1777341418390_7p46nbr,completed_original,full_assessment,comparison_skill,1,emerging,27,50,0,0,1,0
stu_1777340051462_9691,test_1777341418390_7p46nbr,completed_original,full_assessment,visual_matching,1,emerging,27,50,0,0,1,0
stu_1777340051462_9691,test_1777341418390_7p46nbr,completed_original,full_assessment,audio_recognition,1,emerging,27,100,1,0,0,0
stu_1777340052046_4165,test_1777341418390_7p46nbr,completed_original,full_assessment,arithmetic_fluency,5.12,proficient,31,96,1,0,0,0.84
stu_1777340052046_4165,test_1777341418390_7p46nbr,completed_original,full_assessment,number_sense,5.12,proficient,31,98,1,0,0,0.9333333333333333
stu_1777340052046_4165,test_1777341418390_7p46nbr,completed_original,full_assessment,sequential_thinking,5.12,proficient,31,94,1,0,0,0.8054054054054055
stu_1777340052046_4165,test_1777341418390_7p46nbr,completed_original,full_assessment,comparison_skill,5.12,proficient,31,50,0,0,1,0
stu_1777340052046_4165,test_1777341418390_7p46nbr,completed_original,full_assessment,visual_matching,5.12,proficient,31,50,0,0,1,0
stu_1777340052046_4165,test_1777341418390_7p46nbr,completed_original,full_assessment,audio_recognition,5.12,proficient,31,100,1,0,0,0
stu_1777340052233_9667,test_1777341418390_7p46nbr,completed_original,full_assessment,arithmetic_fluency,5.1,proficient,27,85,1,0,0,0.4
stu_1777340052233_9667,test_1777341418390_7p46nbr,completed_original,full_assessment,number_sense,5.1,proficient,27,98,1,0,0,0.9333333333333333
stu_1777340052233_9667,test_1777341418390_7p46nbr,completed_original,full_assessment,sequential_thinking,5.1,proficient,27,99,1,0,0,0.9675675675675676
stu_1777340052233_9667,test_1777341418390_7p46nbr,completed_original,full_assessment,comparison_skill,5.1,proficient,27,50,0,0,1,0
stu_1777340052233_9667,test_1777341418390_7p46nbr,completed_original,full_assessment,visual_matching,5.1,proficient,27,50,0,0,1,0
stu_1777340052233_9667,test_1777341418390_7p46nbr,completed_original,full_assessment,audio_recognition,5.1,proficient,27,100,1,0,0,0
stu_1777340052756_4794,test_1777341418390_7p46nbr,completed_original,full_assessment,arithmetic_fluency,1.37,emerging,17,30,1,0.6,0,0
stu_1777340052756_4794,test_1777341418390_7p46nbr,completed_original,full_assessment,number_sense,1.37,emerging,17,30,1,0.5714285714285714,0,0
stu_1777340052756_4794,test_1777341418390_7p46nbr,completed_original,full_assessment,sequential_thinking,1.37,emerging,17,53,1,0.23373493975903603,0.4535211267605636,0
stu_1777340052756_4794,test_1777341418390_7p46nbr,completed_original,full_assessment,comparison_skill,1.37,emerging,17,50,0,0,1,0
stu_1777340052756_4794,test_1777341418390_7p46nbr,completed_original,full_assessment,visual_matching,1.37,emerging,17,50,0,0,1,0
stu_1777340052756_4794,test_1777341418390_7p46nbr,completed_original,full_assessment,audio_recognition,1.37,emerging,17,100,1,0,0,0
stu_1777340052928_1612,test_1777341418390_7p46nbr,completed_original,full_assessment,arithmetic_fluency,5.12,proficient,27,98,1,0,0,0.92
stu_1777340052928_1612,test_1777341418390_7p46nbr,completed_original,full_assessment,number_sense,5.12,proficient,27,99,1,0,0,0.9666666666666667
stu_1777340052928_1612,test_1777341418390_7p46nbr,completed_original,full_assessment,sequential_thinking,5.12,proficient,27,99,1,0,0,0.9675675675675676
stu_1777340052928_1612,test_1777341418390_7p46nbr,completed_original,full_assessment,comparison_skill,5.12,proficient,27,50,0,0,1,0
stu_1777340052928_1612,test_1777341418390_7p46nbr,completed_original,full_assessment,visual_matching,5.12,proficient,27,50,0,0,1,0
stu_1777340052928_1612,test_1777341418390_7p46nbr,completed_original,full_assessment,audio_recognition,5.12,proficient,27,100,1,0,0,0
stu_1777374905378_409,test_1777341418390_7p46nbr,completed_original,full_assessment,arithmetic_fluency,1.37,emerging,14,30,1,0.6,0,0
stu_1777374905378_409,test_1777341418390_7p46nbr,completed_original,full_assessment,number_sense,1.37,emerging,14,30,1,0.5714285714285714,0,0
stu_1777374905378_409,test_1777341418390_7p46nbr,completed_original,full_assessment,sequential_thinking,1.37,emerging,14,75,1,0,0.43999999999999934,0.18918918918918945
stu_1777374905378_409,test_1777341418390_7p46nbr,completed_original,full_assessment,comparison_skill,1.37,emerging,14,50,0,0,1,0
stu_1777374905378_409,test_1777341418390_7p46nbr,completed_original,full_assessment,visual_matching,1.37,emerging,14,50,0,0,1,0
stu_1777374905378_409,test_1777341418390_7p46nbr,completed_original,full_assessment,audio_recognition,1.37,emerging,14,100,1,0,0,0
stu_1780967494580_4312,test_1780996897356_kspg977,completed_original,full_assessment,arithmetic_fluency,1,emerging,66,78,1,0,0,0.46827794561933533
stu_1780967494580_4312,test_1780996897356_kspg977,completed_original,full_assessment,number_sense,1,emerging,66,78,1,0,0,0.56
stu_1780967494580_4312,test_1780996897356_kspg977,completed_original,full_assessment,sequential_thinking,1,emerging,66,100,1,0,0,0
stu_1780967494580_4312,test_1780996897356_kspg977,completed_original,full_assessment,comparison_skill,1,emerging,66,100,1,0,0,0
stu_1780967494580_4312,test_1780996897356_kspg977,completed_original,full_assessment,visual_matching,1,emerging,66,86,1,0,0,0.6888888888888889
stu_1780967494580_4312,test_1780996897356_kspg977,completed_original,full_assessment,audio_recognition,1,emerging,66,88,1,0,0,0.76
stu_1780967494580_4312,test_1781051031467_d8q3s6i,completed_original,full_assessment,arithmetic_fluency,5.65,proficient,32,91,1,0,0,0.7824773413897281
stu_1780967494580_4312,test_1781051031467_d8q3s6i,completed_original,full_assessment,number_sense,5.65,proficient,32,90,1,0,0,0.7931034482758621
stu_1780967494580_4312,test_1781051031467_d8q3s6i,completed_original,full_assessment,sequential_thinking,5.65,proficient,32,87,1,0,0,0.7111111111111111
stu_1780967494580_4312,test_1781051031467_d8q3s6i,completed_original,full_assessment,comparison_skill,5.65,proficient,32,100,1,0,0,0
stu_1780967494580_4312,test_1781051031467_d8q3s6i,completed_original,full_assessment,visual_matching,5.65,proficient,32,90,1,0,0,0.7777777777777778
stu_1780967494580_4312,test_1781051031467_d8q3s6i,completed_original,full_assessment,audio_recognition,5.65,proficient,32,50,0,0,1,0
stu_1780967494580_4312,test_1781093235410_7hlnif4,completed_original,full_assessment,arithmetic_fluency,2.03,emerging,7,65,1,0,0.6528925619834711,0.13043478260869565
stu_1780967494580_4312,test_1781093235410_7hlnif4,completed_original,full_assessment,number_sense,2.03,emerging,7,32,1,0.4046511627906977,0.005714285714285714,0
stu_1780967494580_4312,test_1781093235410_7hlnif4,completed_original,full_assessment,sequential_thinking,2.03,emerging,7,50,0,0,1,0
stu_1780967494580_4312,test_1781093235410_7hlnif4,completed_original,full_assessment,comparison_skill,2.03,emerging,7,50,0,0,1,0
stu_1780967494580_4312,test_1781093235410_7hlnif4,completed_original,full_assessment,visual_matching,2.03,emerging,7,50,0,0,1,0
stu_1780967494580_4312,test_1781093235410_7hlnif4,completed_original,full_assessment,audio_recognition,2.03,emerging,7,50,0,0,1,0
stu_1780967494776_5259,test_1780996897356_kspg977,completed_original,full_assessment,arithmetic_fluency,1,emerging,43,78,1,0,0,0.46827794561933533
stu_1780967494776_5259,test_1780996897356_kspg977,completed_original,full_assessment,number_sense,1,emerging,43,100,1,0,0,0
stu_1780967494776_5259,test_1780996897356_kspg977,completed_original,full_assessment,sequential_thinking,1,emerging,43,92,1,0,0,0.8153846153846154
stu_1780967494776_5259,test_1780996897356_kspg977,completed_original,full_assessment,comparison_skill,1,emerging,43,100,1,0,0,0
stu_1780967494776_5259,test_1780996897356_kspg977,completed_original,full_assessment,visual_matching,1,emerging,43,100,1,0,0,0
stu_1780967494776_5259,test_1780996897356_kspg977,completed_original,full_assessment,audio_recognition,1,emerging,43,100,1,0,0,0
stu_1780967494776_5259,test_1781051031467_d8q3s6i,completed_original,full_assessment,arithmetic_fluency,5.06,proficient,30,69,1,0,0.3386454183266932,0.25075528700906347
stu_1780967494776_5259,test_1781051031467_d8q3s6i,completed_original,full_assessment,number_sense,5.06,proficient,30,98,1,0,0,0.9586206896551724
stu_1780967494776_5259,test_1781051031467_d8q3s6i,completed_original,full_assessment,sequential_thinking,5.06,proficient,30,66,1,0,0.37142857142857144,0.24444444444444444
stu_1780967494776_5259,test_1781051031467_d8q3s6i,completed_original,full_assessment,comparison_skill,5.06,proficient,30,100,1,0,0,0
stu_1780967494776_5259,test_1781051031467_d8q3s6i,completed_original,full_assessment,visual_matching,5.06,proficient,30,100,1,0,0,0
stu_1780967494776_5259,test_1781051031467_d8q3s6i,completed_original,full_assessment,audio_recognition,5.06,proficient,30,50,0,0,1,0
stu_1780967494776_5259,test_1781089532764_fckxbu0,completed_original,full_assessment,arithmetic_fluency,5.59,proficient,29,74,1,0,0.0199203187250996,0.3716012084592145
stu_1780967494776_5259,test_1781089532764_fckxbu0,completed_original,full_assessment,number_sense,5.59,proficient,29,99,1,0,0,0.9793103448275862
stu_1780967494776_5259,test_1781089532764_fckxbu0,completed_original,full_assessment,sequential_thinking,5.59,proficient,29,99,1,0,0,0.9781818181818182
stu_1780967494776_5259,test_1781089532764_fckxbu0,completed_original,full_assessment,comparison_skill,5.59,proficient,29,100,1,0,0,0
stu_1780967494776_5259,test_1781089532764_fckxbu0,completed_original,full_assessment,visual_matching,5.59,proficient,29,91,1,0,0,0.775
stu_1780967494776_5259,test_1781089532764_fckxbu0,completed_original,full_assessment,audio_recognition,5.59,proficient,29,50,0,0,1,0
stu_1780967494776_5259,test_1781091763213_4cfhvjq,completed_original,full_assessment,arithmetic_fluency,5.59,proficient,48,74,1,0,0.0199203187250996,0.3716012084592145
stu_1780967494776_5259,test_1781091763213_4cfhvjq,completed_original,full_assessment,number_sense,5.59,proficient,48,99,1,0,0,0.9794871794871794
stu_1780967494776_5259,test_1781091763213_4cfhvjq,completed_original,full_assessment,sequential_thinking,5.59,proficient,48,99,1,0,0,0.9781818181818182
stu_1780967494776_5259,test_1781091763213_4cfhvjq,completed_original,full_assessment,comparison_skill,5.59,proficient,48,100,1,0,0,0
stu_1780967494776_5259,test_1781091763213_4cfhvjq,completed_original,full_assessment,visual_matching,5.59,proficient,48,93,1,0,0,0.825
stu_1780967494776_5259,test_1781091763213_4cfhvjq,completed_original,full_assessment,audio_recognition,5.59,proficient,48,50,0,0,1,0
stu_1780967494776_5259,test_1781093235410_7hlnif4,completed_original,full_assessment,arithmetic_fluency,3.13,developing,12,65,1,0,0.6528925619834711,0.13043478260869565
stu_1780967494776_5259,test_1781093235410_7hlnif4,completed_original,full_assessment,number_sense,3.13,developing,12,52,1,0.03255813953488372,0.92,0
stu_1780967494776_5259,test_1781093235410_7hlnif4,completed_original,full_assessment,sequential_thinking,3.13,developing,12,50,0,0,1,0
stu_1780967494776_5259,test_1781093235410_7hlnif4,completed_original,full_assessment,comparison_skill,3.13,developing,12,50,0,0,1,0
stu_1780967494776_5259,test_1781093235410_7hlnif4,completed_original,full_assessment,visual_matching,3.13,developing,12,50,0,0,1,0
stu_1780967494776_5259,test_1781093235410_7hlnif4,completed_original,full_assessment,audio_recognition,3.13,developing,12,50,0,0,1,0
stu_1780967494964_3113,test_1780996897356_kspg977,completed_original,full_assessment,arithmetic_fluency,5.65,proficient,42,96,1,0,0,0.9033232628398792
stu_1780967494964_3113,test_1780996897356_kspg977,completed_original,full_assessment,number_sense,5.65,proficient,42,99,1,0,0,0.98
stu_1780967494964_3113,test_1780996897356_kspg977,completed_original,full_assessment,sequential_thinking,5.65,proficient,42,99,1,0,0,0.9769230769230769
stu_1780967494964_3113,test_1780996897356_kspg977,completed_original,full_assessment,comparison_skill,5.65,proficient,42,100,1,0,0,0
stu_1780967494964_3113,test_1780996897356_kspg977,completed_original,full_assessment,visual_matching,5.65,proficient,42,100,1,0,0,0
stu_1780967494964_3113,test_1780996897356_kspg977,completed_original,full_assessment,audio_recognition,5.65,proficient,42,88,1,0,0,0.76
stu_1780967494964_3113,test_1781051031467_d8q3s6i,completed_original,full_assessment,arithmetic_fluency,1,emerging,27,100,1,0,0,0
stu_1780967494964_3113,test_1781051031467_d8q3s6i,completed_original,full_assessment,number_sense,1,emerging,27,100,1,0,0,0
stu_1780967494964_3113,test_1781051031467_d8q3s6i,completed_original,full_assessment,sequential_thinking,1,emerging,27,100,1,0,0,0
stu_1780967494964_3113,test_1781051031467_d8q3s6i,completed_original,full_assessment,comparison_skill,1,emerging,27,100,1,0,0,0
stu_1780967494964_3113,test_1781051031467_d8q3s6i,completed_original,full_assessment,visual_matching,1,emerging,27,100,1,0,0,0
stu_1780967494964_3113,test_1781051031467_d8q3s6i,completed_original,full_assessment,audio_recognition,1,emerging,27,50,0,0,1,0
stu_1780967494964_3113,test_1781089532764_fckxbu0,completed_original,full_assessment,arithmetic_fluency,5.61,proficient,28,96,1,0,0,0.9033232628398792
stu_1780967494964_3113,test_1781089532764_fckxbu0,completed_original,full_assessment,number_sense,5.61,proficient,28,99,1,0,0,0.9793103448275862
stu_1780967494964_3113,test_1781089532764_fckxbu0,completed_original,full_assessment,sequential_thinking,5.61,proficient,28,99,1,0,0,0.9781818181818182
stu_1780967494964_3113,test_1781089532764_fckxbu0,completed_original,full_assessment,comparison_skill,5.61,proficient,28,100,1,0,0,0
stu_1780967494964_3113,test_1781089532764_fckxbu0,completed_original,full_assessment,visual_matching,5.61,proficient,28,78,1,0,0,0.45
stu_1780967494964_3113,test_1781089532764_fckxbu0,completed_original,full_assessment,audio_recognition,5.61,proficient,28,50,0,0,1,0
stu_1780967494964_3113,test_1781091763213_4cfhvjq,completed_original,full_assessment,arithmetic_fluency,5.67,proficient,33,96,1,0,0,0.9033232628398792
stu_1780967494964_3113,test_1781091763213_4cfhvjq,completed_original,full_assessment,number_sense,5.67,proficient,33,94,1,0,0,0.8769230769230769
stu_1780967494964_3113,test_1781091763213_4cfhvjq,completed_original,full_assessment,sequential_thinking,5.67,proficient,33,99,1,0,0,0.9781818181818182
stu_1780967494964_3113,test_1781091763213_4cfhvjq,completed_original,full_assessment,comparison_skill,5.67,proficient,33,100,1,0,0,0
stu_1780967494964_3113,test_1781091763213_4cfhvjq,completed_original,full_assessment,visual_matching,5.67,proficient,33,96,1,0,0,0.9
stu_1780967494964_3113,test_1781091763213_4cfhvjq,completed_original,full_assessment,audio_recognition,5.67,proficient,33,50,0,0,1,0
stu_1780967494964_3113,test_1781093235410_7hlnif4,completed_original,full_assessment,arithmetic_fluency,1,emerging,7,100,1,0,0,0
stu_1780967494964_3113,test_1781093235410_7hlnif4,completed_original,full_assessment,number_sense,1,emerging,7,46,1,0.14418604651162792,0.6457142857142857,0
stu_1780967494964_3113,test_1781093235410_7hlnif4,completed_original,full_assessment,sequential_thinking,1,emerging,7,50,0,0,1,0
stu_1780967494964_3113,test_1781093235410_7hlnif4,completed_original,full_assessment,comparison_skill,1,emerging,7,50,0,0,1,0
stu_1780967494964_3113,test_1781093235410_7hlnif4,completed_original,full_assessment,visual_matching,1,emerging,7,50,0,0,1,0
stu_1780967494964_3113,test_1781093235410_7hlnif4,completed_original,full_assessment,audio_recognition,1,emerging,7,50,0,0,1,0
stu_1780967494964_3113,test_1781094588909_etc7w2i,completed_original,full_assessment,arithmetic_fluency,1,emerging,26,100,1,0,0,0
stu_1780967494964_3113,test_1781094588909_etc7w2i,completed_original,full_assessment,number_sense,1,emerging,26,100,1,0,0,0
stu_1780967494964_3113,test_1781094588909_etc7w2i,completed_original,full_assessment,sequential_thinking,1,emerging,26,100,1,0,0,0
stu_1780967494964_3113,test_1781094588909_etc7w2i,completed_original,full_assessment,comparison_skill,1,emerging,26,50,0,0,1,0
stu_1780967494964_3113,test_1781094588909_etc7w2i,completed_original,full_assessment,visual_matching,1,emerging,26,100,1,0,0,0
stu_1780967494964_3113,test_1781094588909_etc7w2i,completed_original,full_assessment,audio_recognition,1,emerging,26,50,0,0,1,0
stu_1780967760765_5855,test_1781051031467_d8q3s6i,completed_original,full_assessment,arithmetic_fluency,5.61,proficient,40,91,1,0,0,0.7824773413897281
stu_1780967760765_5855,test_1781051031467_d8q3s6i,completed_original,full_assessment,number_sense,5.61,proficient,40,82,1,0,0,0.6275862068965516
stu_1780967760765_5855,test_1781051031467_d8q3s6i,completed_original,full_assessment,sequential_thinking,5.61,proficient,40,87,1,0,0,0.7111111111111111
stu_1780967760765_5855,test_1781051031467_d8q3s6i,completed_original,full_assessment,comparison_skill,5.61,proficient,40,100,1,0,0,0
stu_1780967760765_5855,test_1781051031467_d8q3s6i,completed_original,full_assessment,visual_matching,5.61,proficient,40,100,1,0,0,0
stu_1780967760765_5855,test_1781051031467_d8q3s6i,completed_original,full_assessment,audio_recognition,5.61,proficient,40,50,0,0,1,0
stu_1780967760954_1871,test_1781051031467_d8q3s6i,completed_original,full_assessment,arithmetic_fluency,5,proficient,69,77,1,0,0,0.44410876132930516
stu_1780967760954_1871,test_1781051031467_d8q3s6i,completed_original,full_assessment,number_sense,5,proficient,69,88,1,0,0,0.7517241379310344
stu_1780967760954_1871,test_1781051031467_d8q3s6i,completed_original,full_assessment,sequential_thinking,5,proficient,69,100,1,0,0,0
stu_1780967760954_1871,test_1781051031467_d8q3s6i,completed_original,full_assessment,comparison_skill,5,proficient,69,90,1,0,0,0.8095238095238095
stu_1780967760954_1871,test_1781051031467_d8q3s6i,completed_original,full_assessment,visual_matching,5,proficient,69,100,1,0,0,0
stu_1780967760954_1871,test_1781051031467_d8q3s6i,completed_original,full_assessment,audio_recognition,5,proficient,69,50,0,0,1,0
stu_1780967760954_1871,test_1781091763213_4cfhvjq,partial,partial_assessment,arithmetic_fluency,1,emerging,34,30,1,0.488272921108742,0,0
stu_1780967760954_1871,test_1781091763213_4cfhvjq,partial,partial_assessment,number_sense,1,emerging,34,74,1,0,0,0.4666666666666667
stu_1780967760954_1871,test_1781091763213_4cfhvjq,partial,partial_assessment,sequential_thinking,1,emerging,34,94,1,0,0,0.869090909090909
stu_1780967760954_1871,test_1781091763213_4cfhvjq,partial,partial_assessment,comparison_skill,1,emerging,34,100,1,0,0,0
stu_1780967760954_1871,test_1781091763213_4cfhvjq,partial,partial_assessment,visual_matching,1,emerging,34,100,1,0,0,0
stu_1780967760954_1871,test_1781091763213_4cfhvjq,partial,partial_assessment,audio_recognition,1,emerging,34,50,0,0,1,0
stu_1780967760954_1871,test_1781093235410_7hlnif4,completed_original,full_assessment,arithmetic_fluency,1,emerging,7,100,1,0,0,0
stu_1780967760954_1871,test_1781093235410_7hlnif4,completed_original,full_assessment,number_sense,1,emerging,7,6,1,0.8883720930232558,0,0
stu_1780967760954_1871,test_1781093235410_7hlnif4,completed_original,full_assessment,sequential_thinking,1,emerging,7,50,0,0,1,0
stu_1780967760954_1871,test_1781093235410_7hlnif4,completed_original,full_assessment,comparison_skill,1,emerging,7,50,0,0,1,0
stu_1780967760954_1871,test_1781093235410_7hlnif4,completed_original,full_assessment,visual_matching,1,emerging,7,50,0,0,1,0
stu_1780967760954_1871,test_1781093235410_7hlnif4,completed_original,full_assessment,audio_recognition,1,emerging,7,50,0,0,1,0
stu_1780967760954_1871,test_1781094588909_etc7w2i,completed_original,full_assessment,arithmetic_fluency,1,emerging,28,78,1,0,0,0.46827794561933533
stu_1780967760954_1871,test_1781094588909_etc7w2i,completed_original,full_assessment,number_sense,1,emerging,28,100,1,0,0,0
stu_1780967760954_1871,test_1781094588909_etc7w2i,completed_original,full_assessment,sequential_thinking,1,emerging,28,100,1,0,0,0
stu_1780967760954_1871,test_1781094588909_etc7w2i,completed_original,full_assessment,comparison_skill,1,emerging,28,50,0,0,1,0
stu_1780967760954_1871,test_1781094588909_etc7w2i,completed_original,full_assessment,visual_matching,1,emerging,28,100,1,0,0,0
stu_1780967760954_1871,test_1781094588909_etc7w2i,completed_original,full_assessment,audio_recognition,1,emerging,28,50,0,0,1,0
stu_1780967761139_4648,test_1780996897356_kspg977,completed_original,full_assessment,arithmetic_fluency,5.02,proficient,51,84,1,0,0,0.6132930513595166
stu_1780967761139_4648,test_1780996897356_kspg977,completed_original,full_assessment,number_sense,5.02,proficient,51,97,1,0,0,0.94
stu_1780967761139_4648,test_1780996897356_kspg977,completed_original,full_assessment,sequential_thinking,5.02,proficient,51,64,1,0,0.56,0.16923076923076913
stu_1780967761139_4648,test_1780996897356_kspg977,completed_original,full_assessment,comparison_skill,5.02,proficient,51,100,1,0,0,0
stu_1780967761139_4648,test_1780996897356_kspg977,completed_original,full_assessment,visual_matching,5.02,proficient,51,90,1,0,0,0.7777777777777778
stu_1780967761139_4648,test_1780996897356_kspg977,completed_original,full_assessment,audio_recognition,5.02,proficient,51,100,1,0,0,0
stu_1780967761139_4648,test_1781051031467_d8q3s6i,completed_original,full_assessment,arithmetic_fluency,5.6,proficient,39,91,1,0,0,0.7824773413897281
stu_1780967761139_4648,test_1781051031467_d8q3s6i,completed_original,full_assessment,number_sense,5.6,proficient,39,98,1,0,0,0.9586206896551724
stu_1780967761139_4648,test_1781051031467_d8q3s6i,completed_original,full_assessment,sequential_thinking,5.6,proficient,39,74,1,0,0,0.4222222222222222
stu_1780967761139_4648,test_1781051031467_d8q3s6i,completed_original,full_assessment,comparison_skill,5.6,proficient,39,100,1,0,0,0
stu_1780967761139_4648,test_1781051031467_d8q3s6i,completed_original,full_assessment,visual_matching,5.6,proficient,39,100,1,0,0,0
stu_1780967761139_4648,test_1781051031467_d8q3s6i,completed_original,full_assessment,audio_recognition,5.6,proficient,39,50,0,0,1,0
stu_1780967761139_4648,test_1781093235410_7hlnif4,completed_original,full_assessment,arithmetic_fluency,1,emerging,12,100,1,0,0,0
stu_1780967761139_4648,test_1781093235410_7hlnif4,completed_original,full_assessment,number_sense,1,emerging,12,66,1,0,0.32413793103448274,0.2648648648648649
stu_1780967761139_4648,test_1781093235410_7hlnif4,completed_original,full_assessment,sequential_thinking,1,emerging,12,50,0,0,1,0
stu_1780967761139_4648,test_1781093235410_7hlnif4,completed_original,full_assessment,comparison_skill,1,emerging,12,50,0,0,1,0
stu_1780967761139_4648,test_1781093235410_7hlnif4,completed_original,full_assessment,visual_matching,1,emerging,12,50,0,0,1,0
stu_1780967761139_4648,test_1781093235410_7hlnif4,completed_original,full_assessment,audio_recognition,1,emerging,12,50,0,0,1,0
stu_1780967877464_7804,test_1781051031467_d8q3s6i,completed_original,full_assessment,arithmetic_fluency,1,emerging,34,100,1,0,0,0
stu_1780967877464_7804,test_1781051031467_d8q3s6i,completed_original,full_assessment,number_sense,1,emerging,34,100,1,0,0,0
stu_1780967877464_7804,test_1781051031467_d8q3s6i,completed_original,full_assessment,sequential_thinking,1,emerging,34,100,1,0,0,0
stu_1780967877464_7804,test_1781051031467_d8q3s6i,completed_original,full_assessment,comparison_skill,1,emerging,34,100,1,0,0,0
stu_1780967877464_7804,test_1781051031467_d8q3s6i,completed_original,full_assessment,visual_matching,1,emerging,34,100,1,0,0,0
stu_1780967877464_7804,test_1781051031467_d8q3s6i,completed_original,full_assessment,audio_recognition,1,emerging,34,50,0,0,1,0
stu_1780967877464_7804,test_1781091763213_4cfhvjq,partial,partial_assessment,arithmetic_fluency,3,developing,20,56,1,0.04477611940298507,0.8920308483290489,0
stu_1780967877464_7804,test_1781091763213_4cfhvjq,partial,partial_assessment,number_sense,3,developing,20,56,1,0,0.7548387096774194,0.09743589743589744
stu_1780967877464_7804,test_1781091763213_4cfhvjq,partial,partial_assessment,sequential_thinking,3,developing,20,61,1,0,0.6186046511627907,0.149090909090909
stu_1780967877464_7804,test_1781091763213_4cfhvjq,partial,partial_assessment,comparison_skill,3,developing,20,100,1,0,0,0
stu_1780967877464_7804,test_1781091763213_4cfhvjq,partial,partial_assessment,visual_matching,3,developing,20,75,1,0,0,0.375
stu_1780967877464_7804,test_1781091763213_4cfhvjq,partial,partial_assessment,audio_recognition,3,developing,20,50,0,0,1,0
