student_id,assessment_id,assessment_status,weakness_type,mistake_type,skill,game_type,supporting_item_count,operation,skill_subtype,question_type,format,num_digits,complexity_level,difficulty_zone,examples,expected,given,operations_expected,operations_used
stu_1776848582102_8186,test_1776848340577_ghi7b5y,completed_original,,RangeUncertainty,,find_previous_next_number,1,,,,,,,100-109,[105],,,,
stu_1776848582102_8186,test_1776848340577_ghi7b5y,completed_original,,RangeUncertainty,,find_previous_next_number,1,,,,,,,460-469,[463],,,,
stu_1776848582102_8186,test_1776848340577_ghi7b5y,completed_original,,RangeUncertainty,,find_previous_next_number,1,,,,,,,0-9,[8],,,,
stu_1776848582102_8186,test_1776848340577_ghi7b5y,completed_original,,RangeUncertainty,,find_previous_next_number,1,,,,,,,40-49,[42],,,,
stu_1776848747452_2240,test_1776848340577_ghi7b5y,completed_original,WrongAnswer,ReversedSign,Comparison,compare_numbers,1,,,Comparison,Horizontal,3,hard,,,,,,
stu_1776848747452_2240,test_1776848340577_ghi7b5y,completed_original,WrongAnswer,ReversedSign,Comparison,compare_numbers,1,,,Comparison,Horizontal,2,medium,,,,,,
stu_1776848747452_2240,test_1776848340577_ghi7b5y,completed_original,WrongAnswer,ReversedSign,Comparison,compare_numbers,1,,,Comparison,Horizontal,2,easy,,,,,,
stu_1776848747452_2240,test_1776848340577_ghi7b5y,completed_original,,RangeUncertainty,,find_previous_next_number,1,,,,,,,880-889,[882],,,,
stu_1776848747452_2240,test_1776848340577_ghi7b5y,completed_original,,RangeUncertainty,,find_previous_next_number,1,,,,,,,80-89,[82],,,,
stu_1776848747452_2240,test_1776848340577_ghi7b5y,completed_original,WrongAnswer,ReversedDescending,Ordering,order_numbers,1,,,Ordering,Visual,3,medium,,,,,,
stu_1776848747452_2240,test_1776848340577_ghi7b5y,completed_original,WrongAnswer,ReversedAscending,Ordering,order_numbers,1,,,Ordering,Visual,3,hard,,,,,,
stu_1776848747452_2240,test_1776848340577_ghi7b5y,completed_original,WrongAnswer,ReversedDescending,Ordering,order_numbers,1,,,Ordering,Visual,2,medium,,,,,,
stu_1776848747452_2240,test_1776848340577_ghi7b5y,completed_original,WrongAnswer,MultipleMisplacements,Ordering,order_numbers,1,,,Ordering,Visual,2,medium,,,,,,
stu_1776848878846_8648,test_1776848340577_ghi7b5y,completed_original,,RangeUncertainty,,find_previous_next_number,1,,,,,,,290-299,[293],,,,
stu_1776848878846_8648,test_1776848340577_ghi7b5y,completed_original,,RangeUncertainty,,find_previous_next_number,1,,,,,,,820-829,[827],,,,
stu_1776848878846_8648,test_1776848340577_ghi7b5y,completed_original,WrongAnswer,MultipleMisplacements,Ordering,order_numbers,1,,,Ordering,Visual,2,medium,,,,,,
stu_1776848878846_8648,test_1776848340577_ghi7b5y,completed_original,WrongAnswer,,SimpleAddition,vertical_operations,1,Addition,SimpleAddition,,Vertical,2,easy,,,,,,
stu_1776848878846_8648,test_1776848340577_ghi7b5y,completed_original,,DigitLengthMistake,NumberRecognitionByAudio,what_number_do_you_hear,1,,,NumberRecognitionByAudio,,,,,[0],,,,
stu_1776848879378_2063,test_1776848340577_ghi7b5y,completed_original,,TensTransitionMistake,,find_previous_next_number,1,,,,,,,,[990],,,,
stu_1776848879378_2063,test_1776848340577_ghi7b5y,completed_original,,RangeUncertainty,,find_previous_next_number,1,,,,,,,70-79,[74],,,,
stu_1776848879378_2063,test_1776848340577_ghi7b5y,completed_original,,RangeUncertainty,,find_previous_next_number,1,,,,,,,990-999,[990],,,,
stu_1776848879378_2063,test_1776848340577_ghi7b5y,completed_original,,RangeUncertainty,,find_previous_next_number,1,,,,,,,40-49,[41],,,,
stu_1776848879378_2063,test_1776848340577_ghi7b5y,completed_original,,RangeUncertainty,,find_previous_next_number,1,,,,,,,10-19,[19],,,,
stu_1776848879378_2063,test_1776848340577_ghi7b5y,completed_original,WrongAnswer,MultipleMisplacements,Ordering,order_numbers,1,,,Ordering,Visual,3,hard,,,,,,
stu_1776848879823_1392,test_1776848340577_ghi7b5y,partial,,RangeUncertainty,,find_previous_next_number,1,,,,,,,480-489,[484],,,,
stu_1776848879823_1392,test_1776848340577_ghi7b5y,partial,,RangeUncertainty,,find_previous_next_number,1,,,,,,,620-629,[623],,,,
stu_1777023080044_2956,test_1777023978840_kask7x7,completed_original,WrongAnswer,ComputationError,OneStepProblem,choose_answer,1,,,OneStepProblem,Horizontal,3,medium,,,,,"[""Multiplication""]","[""Multiplication""]"
stu_1777023080044_2956,test_1777023978840_kask7x7,completed_original,,RangeUncertainty,,find_previous_next_number,1,,,,,,,910-919,[917],,,,
stu_1777023080044_2956,test_1777023978840_kask7x7,completed_original,,RangeUncertainty,,find_previous_next_number,1,,,,,,,400-409,[405],,,,
stu_1777023080044_2956,test_1777023978840_kask7x7,completed_original,,RangeUncertainty,,find_previous_next_number,1,,,,,,,750-759,[759],,,,
stu_1777023761242_7194,test_1777023978840_kask7x7,completed_original,,RangeUncertainty,,find_previous_next_number,1,,,,,,,520-529,[529],,,,
stu_1777023761242_7194,test_1777023978840_kask7x7,completed_original,,RangeUncertainty,,find_previous_next_number,1,,,,,,,680-689,[684],,,,
stu_1777023761242_7194,test_1777023978840_kask7x7,completed_original,,RangeUncertainty,,find_previous_next_number,1,,,,,,,870-879,[878],,,,
stu_1777023761468_62,test_1777023978840_kask7x7,completed_original,WrongAnswer,MisidentifiedOperation,MultiStepProblem,choose_answer,1,,,MultiStepProblem,Horizontal,3,medium,,,,,"[""Subtraction"",""Multiplication""]","[""Subtraction""]"
stu_1777023761468_62,test_1777023978840_kask7x7,completed_original,,RangeUncertainty,,find_previous_next_number,1,,,,,,,420-429,[428],,,,
stu_1777023761468_62,test_1777023978840_kask7x7,completed_original,,RangeUncertainty,,find_previous_next_number,1,,,,,,,680-689,[685],,,,
stu_1777023761468_62,test_1777023978840_kask7x7,completed_original,,RangeUncertainty,,find_previous_next_number,1,,,,,,,840-849,[840],,,,
stu_1777023761468_62,test_1777023978840_kask7x7,completed_original,,RangeUncertainty,,find_previous_next_number,1,,,,,,,10-19,[17],,,,
stu_1777023761468_62,test_1777023978840_kask7x7,completed_original,,RangeUncertainty,,find_previous_next_number,1,,,,,,,30-39,[35],,,,
stu_1777023761468_62,test_1777023978840_kask7x7,completed_original,,RangeUncertainty,,find_previous_next_number,1,,,,,,,90-99,[94],,,,
stu_1777023761468_62,test_1777023978840_kask7x7,completed_original,WrongAnswer,,SubtractionWithBorrow,vertical_operations,1,Subtraction,SubtractionWithBorrow,,Vertical,4,medium,,,,,,
stu_1777023761468_62,test_1777023978840_kask7x7,completed_original,WrongAnswer,,SubtractionWithBorrow,vertical_operations,1,Subtraction,SubtractionWithBorrow,,Vertical,4,hard,,,,,,
stu_1777023761468_62,test_1777023978840_kask7x7,completed_original,WrongAnswer,,SubtractionWithBorrow,vertical_operations,1,Subtraction,SubtractionWithBorrow,,Vertical,3,medium,,,,,,
stu_1777023761689_8905,test_1777023978840_kask7x7,completed_original,WrongAnswer,MisidentifiedOperation,MultiStepProblem,choose_answer,1,,,MultiStepProblem,Horizontal,3,medium,,,,,"[""Subtraction"",""Multiplication""]","[""Addition""]"
stu_1777023761689_8905,test_1777023978840_kask7x7,completed_original,WrongAnswer,MisidentifiedOperation,OneStepProblem,choose_answer,1,,,OneStepProblem,Horizontal,2,easy,,,,,"[""Multiplication""]","[""Subtraction""]"
stu_1777023761689_8905,test_1777023978840_kask7x7,completed_original,WrongAnswer,MisidentifiedOperation,OneStepProblem,choose_answer,1,,,OneStepProblem,Horizontal,2,easy,,,,,"[""Multiplication""]","[""Addition""]"
stu_1777023761689_8905,test_1777023978840_kask7x7,completed_original,WrongAnswer,MisidentifiedOperation,OneStepProblem,choose_answer,1,,,OneStepProblem,Horizontal,2,easy,,,,,"[""Multiplication""]","[""Addition""]"
stu_1777023761689_8905,test_1777023978840_kask7x7,completed_original,WrongAnswer,MisidentifiedOperation,OneStepProblem,choose_answer,1,,,OneStepProblem,Horizontal,2,easy,,,,,"[""Multiplication""]","[""Addition""]"
stu_1777023761689_8905,test_1777023978840_kask7x7,completed_original,WrongAnswer,MisidentifiedOperation,OneStepProblem,choose_answer,1,,,OneStepProblem,Horizontal,2,easy,,,,,"[""Multiplication""]","[""Division""]"
stu_1777023761689_8905,test_1777023978840_kask7x7,completed_original,WrongAnswer,MisidentifiedOperation,OneStepProblem,choose_answer,1,,,OneStepProblem,Horizontal,2,easy,,,,,"[""Multiplication""]","[""Division""]"
stu_1777023761689_8905,test_1777023978840_kask7x7,completed_original,WrongAnswer,MisidentifiedOperation,OneStepProblem,choose_answer,1,,,OneStepProblem,Horizontal,2,easy,,,,,"[""Multiplication""]","[""Addition""]"
stu_1777023761689_8905,test_1781049725283_3of3fqe,completed_original,WrongAnswer,MisidentifiedOperation,MultiStepProblem,choose_answer,1,,,MultiStepProblem,Horizontal,3,medium,,,,,"[""Subtraction"",""Multiplication""]","[""Subtraction""]"
stu_1777023761689_8905,test_1781049725283_3of3fqe,completed_original,WrongAnswer,MisidentifiedOperation,OneStepProblem,choose_answer,1,,,OneStepProblem,Horizontal,1,very-easy,,,,,"[""Multiplication""]","[""Addition""]"
stu_1777023761689_8905,test_1781049725283_3of3fqe,completed_original,WrongAnswer,MisidentifiedOperation,OneStepProblem,choose_answer,1,,,OneStepProblem,Horizontal,2,easy,,,,,"[""Multiplication""]","[""Division""]"
stu_1777023761689_8905,test_1781049725283_3of3fqe,completed_original,WrongAnswer,MisidentifiedOperation,OneStepProblem,choose_answer,1,,,OneStepProblem,Horizontal,2,easy,,,,,"[""Multiplication""]","[""Division""]"
stu_1777023761689_8905,test_1781049725283_3of3fqe,completed_original,WrongAnswer,MisidentifiedOperation,OneStepProblem,choose_answer,1,,,OneStepProblem,Horizontal,2,easy,,,,,"[""Multiplication""]","[""Division""]"
stu_1777023761689_8905,test_1781049725283_3of3fqe,completed_original,,MissingPrevious,PreviousNumber,find_previous_next_number,2,,,PreviousNumber,,,,,"[677,887]",,,,
stu_1777023761689_8905,test_1781049725283_3of3fqe,completed_original,,MissingNext,NextNumber,find_previous_next_number,2,,,NextNumber,,,,,"[677,887]",,,,
stu_1777023761689_8905,test_1781049725283_3of3fqe,completed_original,,RangeUncertainty,,find_previous_next_number,1,,,,,,,670-679,[677],,,,
stu_1777023761689_8905,test_1781049725283_3of3fqe,completed_original,,RangeUncertainty,,find_previous_next_number,1,,,,,,,880-889,[887],,,,
stu_1777023761689_8905,test_1781049725283_3of3fqe,completed_original,,RangeUncertainty,,find_previous_next_number,1,,,,,,,0-9,[8],,,,
stu_1777023761689_8905,test_1781049725283_3of3fqe,completed_original,,AddedTen,PreviousNumber,find_previous_next_number,3,,,PreviousNumber,,,,,"[25,24,86]",,,,
stu_1777023761689_8905,test_1781049725283_3of3fqe,completed_original,,AddedTen,NextNumber,find_previous_next_number,3,,,NextNumber,,,,,"[25,24,86]",,,,
stu_1777023761689_8905,test_1781049725283_3of3fqe,completed_original,,RangeUncertainty,,find_previous_next_number,2,,,,,,,20-29,"[25,24]",,,,
stu_1777023761689_8905,test_1781049725283_3of3fqe,completed_original,,RangeUncertainty,,find_previous_next_number,1,,,,,,,80-89,[86],,,,
stu_1777023761689_8905,test_1781049725283_3of3fqe,completed_original,,AboveThresholdWeakness,,find_previous_next_number,3,,,,,,,,"[25,24,86]",,,,
stu_1777023761689_8905,test_1781049725283_3of3fqe,completed_original,WrongAnswer,MultipleMisplacements,Ordering,order_numbers,1,,,Ordering,Visual,2,medium,,,,,,
stu_1777023761689_8905,test_1781049725283_3of3fqe,completed_original,WrongAnswer,MultipleMisplacements,Ordering,order_numbers,1,,,Ordering,Visual,2,medium,,,,,,
stu_1777023761689_8905,test_1781049725283_3of3fqe,completed_original,WrongAnswer,ReversedDescending,Ordering,order_numbers,2,,,Ordering,Visual,2,easy,,,,,,
stu_1777023761689_8905,test_1781049725283_3of3fqe,completed_original,WrongAnswer,ReversedDescending,Ordering,order_numbers,2,,,Ordering,Visual,2,easy,,,,,,
stu_1777023761689_8905,test_1781049725283_3of3fqe,completed_original,WrongAnswer,ReversedDescending,Ordering,order_numbers,2,,,Ordering,Visual,2,easy,,,,,,
stu_1777023761689_8905,test_1781049725283_3of3fqe,completed_original,WrongAnswer,ReversedDescending,Ordering,order_numbers,2,,,Ordering,Visual,2,easy,,,,,,
stu_1777023761689_8905,test_1781049725283_3of3fqe,completed_original,WrongAnswer,,SubtractionWithBorrow,vertical_operations,1,Subtraction,SubtractionWithBorrow,,Vertical,4,hard,,,,,,
stu_1777023761689_8905,test_1781049725283_3of3fqe,completed_original,WrongAnswer,,SubtractionWithBorrow,vertical_operations,1,Subtraction,SubtractionWithBorrow,,Vertical,3,medium,,,,,,
stu_1777023761689_8905,test_1781049725283_3of3fqe,completed_original,WrongAnswer,,AdditionWithCarry,vertical_operations,1,Addition,AdditionWithCarry,,Vertical,3,medium,,,,,,
stu_1777023761898_3121,test_1777023978840_kask7x7,completed_original,WrongAnswer,MisidentifiedOperation,OneStepProblem,choose_answer,1,,,OneStepProblem,Horizontal,2,easy,,,,,"[""Multiplication""]","[""Division""]"
stu_1777023761898_3121,test_1777023978840_kask7x7,completed_original,,RangeUncertainty,,find_previous_next_number,1,,,,,,,470-479,[472],,,,
stu_1777023761898_3121,test_1777023978840_kask7x7,completed_original,,RangeUncertainty,,find_previous_next_number,1,,,,,,,270-279,[272],,,,
stu_1777023761898_3121,test_1777023978840_kask7x7,completed_original,,RangeUncertainty,,find_previous_next_number,1,,,,,,,930-939,[936],,,,
stu_1777023762111_459,test_1777023978840_kask7x7,completed_original,WrongAnswer,ComputationError,OneStepProblem,choose_answer,1,,,OneStepProblem,Horizontal,2,easy,,,,,"[""Subtraction""]","[""Subtraction""]"
stu_1777023762111_459,test_1777023978840_kask7x7,completed_original,,RangeUncertainty,,find_previous_next_number,1,,,,,,,30-39,[34],,,,
stu_1777023762111_459,test_1777023978840_kask7x7,completed_original,,RangeUncertainty,,find_previous_next_number,1,,,,,,,850-859,[854],,,,
stu_1777023762111_459,test_1777023978840_kask7x7,completed_original,,RangeUncertainty,,find_previous_next_number,1,,,,,,,700-709,[707],,,,
stu_1777023762305_6832,test_1777023978840_kask7x7,completed_original,WrongAnswer,MisidentifiedOperation,MultiStepProblem,choose_answer,1,,,MultiStepProblem,Horizontal,3,medium,,,,,"[""Subtraction"",""Multiplication""]","[""Subtraction""]"
stu_1777023762305_6832,test_1777023978840_kask7x7,completed_original,,RangeUncertainty,,find_previous_next_number,1,,,,,,,210-219,[213],,,,
stu_1777023762305_6832,test_1777023978840_kask7x7,completed_original,,RangeUncertainty,,find_previous_next_number,1,,,,,,,490-499,[495],,,,
stu_1777023762305_6832,test_1777023978840_kask7x7,completed_original,,RangeUncertainty,,find_previous_next_number,1,,,,,,,480-489,[488],,,,
stu_1777023762305_6832,test_1777023978840_kask7x7,completed_original,WrongAnswer,ReversedDescending,Ordering,order_numbers,1,,,Ordering,Visual,2,medium,,,,,,
stu_1777023762504_1364,test_1777023978840_kask7x7,completed_original,WrongAnswer,ReversedSign,Comparison,compare_numbers,1,,,Comparison,Horizontal,3,hard,,,,,,
stu_1777023762504_1364,test_1777023978840_kask7x7,completed_original,WrongAnswer,ReversedSign,Comparison,compare_numbers,1,,,Comparison,Horizontal,2,medium,,,,,,
stu_1777023762504_1364,test_1777023978840_kask7x7,completed_original,,RangeUncertainty,,find_previous_next_number,1,,,,,,,280-289,[287],,,,
stu_1777023762504_1364,test_1777023978840_kask7x7,completed_original,,RangeUncertainty,,find_previous_next_number,1,,,,,,,530-539,[530],,,,
stu_1777023762504_1364,test_1777023978840_kask7x7,completed_original,,RangeUncertainty,,find_previous_next_number,1,,,,,,,0-9,[2],,,,
stu_1777023762504_1364,test_1777023978840_kask7x7,completed_original,WrongAnswer,,SubtractionWithBorrow,vertical_operations,1,Subtraction,SubtractionWithBorrow,,Vertical,4,hard,,,,,,
stu_1777023762504_1364,test_1781048227348_yh9wms9,completed_reconstructed,WrongAnswer,MisidentifiedOperation,OneStepProblem,choose_answer,1,,,OneStepProblem,Horizontal,2,medium,,,,,"[""Multiplication""]","[""Addition""]"
stu_1777023762504_1364,test_1781048227348_yh9wms9,completed_reconstructed,WrongAnswer,MisidentifiedOperation,OneStepProblem,choose_answer,1,,,OneStepProblem,Horizontal,5,hard,,,,,"[""Subtraction""]","[""Addition""]"
stu_1777023762504_1364,test_1781048227348_yh9wms9,completed_reconstructed,WrongAnswer,MisidentifiedOperation,OneStepProblem,choose_answer,1,,,OneStepProblem,Horizontal,2,easy,,,,,"[""Multiplication""]","[""Subtraction""]"
stu_1777023762504_1364,test_1781048227348_yh9wms9,completed_reconstructed,WrongAnswer,MultipleMisplacements,Ordering,order_numbers,1,,,Ordering,Visual,6,hard,,,,,,
stu_1777023762504_1364,test_1781048227348_yh9wms9,completed_reconstructed,WrongAnswer,MultipleMisplacements,Ordering,order_numbers,1,,,Ordering,Visual,6,hard,,,,,,
stu_1777023762504_1364,test_1781048227348_yh9wms9,completed_reconstructed,WrongAnswer,ReversedDescending,Ordering,order_numbers,1,,,Ordering,Visual,5,hard,,,,,,
stu_1777023762504_1364,test_1781048227348_yh9wms9,completed_reconstructed,WrongAnswer,ReversedAscending,Ordering,order_numbers,1,,,Ordering,Visual,5,hard,,,,,,
stu_1777023762504_1364,test_1781048227348_yh9wms9,completed_reconstructed,WrongAnswer,,SubtractionWithBorrow,vertical_operations,1,Subtraction,SubtractionWithBorrow,,Vertical,3,easy,,,,,,
stu_1777023762504_1364,test_1781048227348_yh9wms9,completed_reconstructed,WrongAnswer,,MultiStepMultiplication,vertical_operations,1,Multiplication,MultiStepMultiplication,,Vertical,3,hard,,,,,,
stu_1777023762699_4024,test_1777023978840_kask7x7,completed_original,WrongAnswer,ReversedAscending,Ordering,order_numbers,1,,,Ordering,Visual,2,medium,,,,,,
stu_1777023762699_4024,test_1777023978840_kask7x7,completed_original,WrongAnswer,ReversedAscending,Ordering,order_numbers,1,,,Ordering,Visual,1,easy,,,,,,
stu_1777023762699_4024,test_1781049725283_3of3fqe,completed_original,WrongAnswer,MisidentifiedOperation,OneStepProblem,choose_answer,1,,,OneStepProblem,Horizontal,3,medium,,,,,"[""Addition""]","[""Subtraction""]"
stu_1777023762699_4024,test_1781049725283_3of3fqe,completed_original,WrongAnswer,MisidentifiedOperation,OneStepProblem,choose_answer,1,,,OneStepProblem,Horizontal,3,medium,,,,,"[""Subtraction""]","[""Multiplication""]"
stu_1777023762699_4024,test_1781049725283_3of3fqe,completed_original,WrongAnswer,ComputationError,OneStepProblem,choose_answer,1,,,OneStepProblem,Horizontal,2,easy,,,,,"[""Subtraction""]","[""Subtraction""]"
stu_1777023762699_4024,test_1781049725283_3of3fqe,completed_original,WrongAnswer,ComputationError,OneStepProblem,choose_answer,1,,,OneStepProblem,Horizontal,2,easy,,,,,"[""Subtraction""]","[""Subtraction""]"
stu_1777023762699_4024,test_1781049725283_3of3fqe,completed_original,WrongAnswer,MisidentifiedOperation,OneStepProblem,choose_answer,1,,,OneStepProblem,Horizontal,1,very-easy,,,,,"[""Multiplication""]","[""Subtraction""]"
stu_1777023762699_4024,test_1781049725283_3of3fqe,completed_original,WrongAnswer,MisidentifiedOperation,OneStepProblem,choose_answer,1,,,OneStepProblem,Horizontal,1,very-easy,,,,,"[""Multiplication""]","[""Subtraction""]"
stu_1777023762699_4024,test_1781049725283_3of3fqe,completed_original,WrongAnswer,MisidentifiedOperation,OneStepProblem,choose_answer,1,,,OneStepProblem,Horizontal,2,easy,,,,,"[""Addition""]","[""Subtraction""]"
stu_1777023762699_4024,test_1781049725283_3of3fqe,completed_original,,RangeUncertainty,,find_previous_next_number,1,,,,,,,680-689,[685],,,,
stu_1777023762699_4024,test_1781049725283_3of3fqe,completed_original,,RangeUncertainty,,find_previous_next_number,1,,,,,,,820-829,[827],,,,
stu_1777023762699_4024,test_1781049725283_3of3fqe,completed_original,,RangeUncertainty,,find_previous_next_number,1,,,,,,,30-39,[39],,,,
stu_1777023762699_4024,test_1781049725283_3of3fqe,completed_original,WrongAnswer,ReversedAscending,Ordering,order_numbers,1,,,Ordering,Visual,2,medium,,,,,,
stu_1777023762699_4024,test_1781049725283_3of3fqe,completed_original,WrongAnswer,ReversedDescending,Ordering,order_numbers,1,,,Ordering,Visual,2,medium,,,,,,
stu_1777023762902_7362,test_1777023978840_kask7x7,completed_original,,RangeUncertainty,,find_previous_next_number,1,,,,,,,550-559,[554],,,,
stu_1777023762902_7362,test_1777023978840_kask7x7,completed_original,,RangeUncertainty,,find_previous_next_number,1,,,,,,,90-99,[92],,,,
stu_1777023762902_7362,test_1777023978840_kask7x7,completed_original,,RangeUncertainty,,find_previous_next_number,1,,,,,,,120-129,[126],,,,
stu_1777023763129_6667,test_1777023978840_kask7x7,completed_original,WrongAnswer,MisidentifiedOperation,OneStepProblem,choose_answer,1,,,OneStepProblem,Horizontal,2,easy,,,,,"[""Multiplication""]","[""Addition""]"
stu_1777023763129_6667,test_1777023978840_kask7x7,completed_original,WrongAnswer,MisidentifiedOperation,OneStepProblem,choose_answer,1,,,OneStepProblem,Horizontal,2,easy,,,,,"[""Multiplication""]","[""Division""]"
stu_1777023763129_6667,test_1777023978840_kask7x7,completed_original,WrongAnswer,MisidentifiedOperation,OneStepProblem,choose_answer,1,,,OneStepProblem,Horizontal,2,easy,,,,,"[""Addition""]","[""Subtraction""]"
stu_1777023763129_6667,test_1777023978840_kask7x7,completed_original,,RangeUncertainty,,find_previous_next_number,1,,,,,,,280-289,[285],,,,
stu_1777023763129_6667,test_1777023978840_kask7x7,completed_original,,RangeUncertainty,,find_previous_next_number,1,,,,,,,530-539,[534],,,,
stu_1777023763129_6667,test_1777023978840_kask7x7,completed_original,,RangeUncertainty,,find_previous_next_number,1,,,,,,,80-89,[85],,,,
stu_1777340051462_9691,test_1777341418390_7p46nbr,completed_original,WrongAnswer,MisidentifiedOperation,MultiStepProblem,choose_answer,1,,,MultiStepProblem,Horizontal,3,medium,,,,,"[""Subtraction"",""Multiplication""]","[""Subtraction""]"
stu_1777340051462_9691,test_1777341418390_7p46nbr,completed_original,,RangeUncertainty,,find_previous_next_number,1,,,,,,,18890-18899,[18892],,,,
stu_1777340051462_9691,test_1777341418390_7p46nbr,completed_original,,RangeUncertainty,,find_previous_next_number,1,,,,,,,24950-24959,[24951],,,,
stu_1777340051462_9691,test_1777341418390_7p46nbr,completed_original,,RangeUncertainty,,find_previous_next_number,1,,,,,,,87420-87429,[87427],,,,
stu_1777340051462_9691,test_1777341418390_7p46nbr,completed_original,WrongAnswer,,SubtractionWithBorrow,vertical_operations,1,Subtraction,SubtractionWithBorrow,,Vertical,3,medium,,,,,,
stu_1777340052046_4165,test_1777341418390_7p46nbr,completed_original,,RangeUncertainty,,find_previous_next_number,1,,,,,,,55000-55009,[55005],,,,
stu_1777340052046_4165,test_1777341418390_7p46nbr,completed_original,,RangeUncertainty,,find_previous_next_number,1,,,,,,,40240-40249,[40246],,,,
stu_1777340052046_4165,test_1777341418390_7p46nbr,completed_original,,RangeUncertainty,,find_previous_next_number,1,,,,,,,58980-58989,[58986],,,,
stu_1777340052046_4165,test_1777341418390_7p46nbr,completed_original,,PlaceValueMisidentification,PlaceValueIdentification,identify_place_value,2,,,PlaceValueIdentification,,,,,"[948964,242837]",,,,
stu_1777340052233_9667,test_1777341418390_7p46nbr,completed_original,,RangeUncertainty,,find_previous_next_number,1,,,,,,,60530-60539,[60533],,,,
stu_1777340052233_9667,test_1777341418390_7p46nbr,completed_original,,RangeUncertainty,,find_previous_next_number,1,,,,,,,9800-9809,[9804],,,,
stu_1777340052233_9667,test_1777341418390_7p46nbr,completed_original,,RangeUncertainty,,find_previous_next_number,1,,,,,,,90180-90189,[90180],,,,
stu_1777340052233_9667,test_1777341418390_7p46nbr,completed_original,WrongAnswer,,MultiStepMultiplication,vertical_operations,1,Multiplication,MultiStepMultiplication,,Vertical,3,hard,,,,,,
stu_1777340052756_4794,test_1777341418390_7p46nbr,completed_original,,RangeUncertainty,,find_previous_next_number,1,,,,,,,76230-76239,[76236],,,,
stu_1777340052756_4794,test_1777341418390_7p46nbr,completed_original,,RangeUncertainty,,find_previous_next_number,1,,,,,,,47320-47329,[47323],,,,
stu_1777340052756_4794,test_1777341418390_7p46nbr,completed_original,,RangeUncertainty,,find_previous_next_number,1,,,,,,,75770-75779,[75775],,,,
stu_1777340052756_4794,test_1777341418390_7p46nbr,completed_original,,RepeatedNumber,PreviousNumber,find_previous_next_number,2,,,PreviousNumber,,,,,"[7500,9770]",,,,
stu_1777340052756_4794,test_1777341418390_7p46nbr,completed_original,,TensTransitionMistake,,find_previous_next_number,2,,,,,,,,"[7500,9770]",,,,
stu_1777340052756_4794,test_1777341418390_7p46nbr,completed_original,,RangeUncertainty,,find_previous_next_number,1,,,,,,,8760-8769,[8763],,,,
stu_1777340052756_4794,test_1777341418390_7p46nbr,completed_original,,RangeUncertainty,,find_previous_next_number,1,,,,,,,7500-7509,[7500],,,,
stu_1777340052756_4794,test_1777341418390_7p46nbr,completed_original,,RangeUncertainty,,find_previous_next_number,1,,,,,,,9770-9779,[9770],,,,
stu_1777340052756_4794,test_1777341418390_7p46nbr,completed_original,WrongAnswer,ReversedDescending,Ordering,order_numbers,1,,,Ordering,Visual,6,hard,,,,,,
stu_1777340052756_4794,test_1777341418390_7p46nbr,completed_original,WrongAnswer,ReversedDescending,Ordering,order_numbers,1,,,Ordering,Visual,6,hard,,,,,,
stu_1777340052756_4794,test_1777341418390_7p46nbr,completed_original,WrongAnswer,ReversedDescending,Ordering,order_numbers,1,,,Ordering,Visual,6,hard,,,,,,
stu_1777340052928_1612,test_1777341418390_7p46nbr,completed_original,,RangeUncertainty,,find_previous_next_number,1,,,,,,,68960-68969,[68964],,,,
stu_1777340052928_1612,test_1777341418390_7p46nbr,completed_original,,RangeUncertainty,,find_previous_next_number,1,,,,,,,77220-77229,[77227],,,,
stu_1777340052928_1612,test_1777341418390_7p46nbr,completed_original,,RangeUncertainty,,find_previous_next_number,1,,,,,,,19060-19069,[19064],,,,
stu_1777374905378_409,test_1777341418390_7p46nbr,completed_original,,RangeUncertainty,,find_previous_next_number,1,,,,,,,62410-62419,[62416],,,,
stu_1777374905378_409,test_1777341418390_7p46nbr,completed_original,,RangeUncertainty,,find_previous_next_number,1,,,,,,,75970-75979,[75978],,,,
stu_1777374905378_409,test_1777341418390_7p46nbr,completed_original,,RangeUncertainty,,find_previous_next_number,1,,,,,,,24780-24789,[24787],,,,
stu_1777374905378_409,test_1777341418390_7p46nbr,completed_original,WrongAnswer,OneMisplacedNumber,Ordering,order_numbers,1,,,Ordering,Visual,6,hard,,,,,,
stu_1777374905378_409,test_1777341418390_7p46nbr,completed_original,WrongAnswer,ReversedAscending,Ordering,order_numbers,2,,,Ordering,Visual,6,hard,,,,,,
stu_1780967494580_4312,test_1780996897356_kspg977,completed_original,WrongAnswer,MisidentifiedOperation,OneStepProblem,choose_answer,1,,,OneStepProblem,Horizontal,2,easy,,,,,"[""Subtraction""]","[""Addition""]"
stu_1780967494580_4312,test_1780996897356_kspg977,completed_original,WrongAnswer,ComputationError,OneStepProblem,choose_answer,1,,,OneStepProblem,Horizontal,2,easy,,,,,"[""Subtraction""]","[""Subtraction""]"
stu_1780967494580_4312,test_1780996897356_kspg977,completed_original,WrongAnswer,IncorrectValues,Decomposition,decompose_number,1,,,Decomposition,Visual,3,medium,,,,,,
stu_1780967494580_4312,test_1780996897356_kspg977,completed_original,WrongAnswer,IncorrectValues,Decomposition,decompose_number,1,,,Decomposition,Visual,3,medium,,,,,,
stu_1780967494580_4312,test_1780996897356_kspg977,completed_original,WrongAnswer,IncorrectValues,Decomposition,decompose_number,1,,,Decomposition,Visual,2,easy,,,,,,
stu_1780967494580_4312,test_1780996897356_kspg977,completed_original,WrongAnswer,IncorrectValues,Decomposition,decompose_number,1,,,Decomposition,Visual,2,easy,,,,,,
stu_1780967494580_4312,test_1780996897356_kspg977,completed_original,,MissingPrevious,PreviousNumber,find_previous_next_number,2,,,PreviousNumber,,,,,"[490,749]",,,,
stu_1780967494580_4312,test_1780996897356_kspg977,completed_original,,TensTransitionMistake,,find_previous_next_number,2,,,,,,,,"[490,749]",,,,
stu_1780967494580_4312,test_1780996897356_kspg977,completed_original,,RangeUncertainty,,find_previous_next_number,1,,,,,,,850-859,[857],,,,
stu_1780967494580_4312,test_1780996897356_kspg977,completed_original,,RangeUncertainty,,find_previous_next_number,1,,,,,,,900-909,[904],,,,
stu_1780967494580_4312,test_1780996897356_kspg977,completed_original,,RangeUncertainty,,find_previous_next_number,1,,,,,,,490-499,[490],,,,
stu_1780967494580_4312,test_1780996897356_kspg977,completed_original,,RangeUncertainty,,find_previous_next_number,1,,,,,,,740-749,[749],,,,
stu_1780967494580_4312,test_1780996897356_kspg977,completed_original,,RangeUncertainty,,find_previous_next_number,1,,,,,,,40-49,[46],,,,
stu_1780967494580_4312,test_1780996897356_kspg977,completed_original,,RangeUncertainty,,find_previous_next_number,1,,,,,,,10-19,[16],,,,
stu_1780967494580_4312,test_1780996897356_kspg977,completed_original,,RangeUncertainty,,find_previous_next_number,1,,,,,,,20-29,[26],,,,
stu_1780967494580_4312,test_1780996897356_kspg977,completed_original,,RangeUncertainty,,find_previous_next_number,1,,,,,,,90-99,[96],,,,
stu_1780967494580_4312,test_1780996897356_kspg977,completed_original,WrongAnswer,,AdditionWithCarry,vertical_operations,1,Addition,AdditionWithCarry,,Vertical,2,easy,,,,,,
stu_1780967494580_4312,test_1780996897356_kspg977,completed_original,WrongAnswer,,SubtractionWithBorrow,vertical_operations,1,Subtraction,SubtractionWithBorrow,,Vertical,2,easy,,,,,,
stu_1780967494580_4312,test_1780996897356_kspg977,completed_original,WrongAnswer,,SimpleSubtraction,vertical_operations,2,Subtraction,SimpleSubtraction,,Vertical,1,very-easy,,,,,,
stu_1780967494580_4312,test_1780996897356_kspg977,completed_original,WrongAnswer,,AdditionWithCarry,vertical_operations,1,Addition,AdditionWithCarry,,Vertical,1,easy,,,,,,
stu_1780967494580_4312,test_1780996897356_kspg977,completed_original,,DigitLengthMistake,NumberRecognitionByAudio,what_number_do_you_hear,1,,,NumberRecognitionByAudio,,,,,[88],,,,
stu_1780967494580_4312,test_1780996897356_kspg977,completed_original,,DigitLengthMistake,NumberRecognitionByAudio,what_number_do_you_hear,1,,,NumberRecognitionByAudio,,,,,[5],,,,
stu_1780967494580_4312,test_1780996897356_kspg977,completed_original,,DigitLengthMistake,NumberRecognitionByAudio,what_number_do_you_hear,1,,,NumberRecognitionByAudio,,,,,[0],,,,
stu_1780967494580_4312,test_1781051031467_d8q3s6i,completed_original,WrongAnswer,MisidentifiedOperation,OneStepProblem,choose_answer,1,,,OneStepProblem,Horizontal,2,easy,,,,,"[""Subtraction""]","[""Addition""]"
stu_1780967494580_4312,test_1781051031467_d8q3s6i,completed_original,,RangeUncertainty,,find_previous_next_number,1,,,,,,,290-299,[292],,,,
stu_1780967494580_4312,test_1781051031467_d8q3s6i,completed_original,WrongAnswer,,SubtractionWithBorrow,vertical_operations,1,Subtraction,SubtractionWithBorrow,,Vertical,2,very-easy,,,,,,
stu_1780967494580_4312,test_1781051031467_d8q3s6i,completed_original,WrongAnswer,,AdditionWithCarry,vertical_operations,1,Addition,AdditionWithCarry,,Vertical,2,medium,,,,,,
stu_1780967494580_4312,test_1781093235410_7hlnif4,completed_original,WrongAnswer,,reading_numbers_ar,read_number_aloud,4,,reading_numbers_ar,ReadingNumbersAloud,Audio,,,,,,,,
stu_1780967494580_4312,test_1781093235410_7hlnif4,completed_original,WrongAnswer,,two_digit_number_names_ar,read_number_aloud,3,,two_digit_number_names_ar,ReadingNumbersAloud,Audio,,,,,,,,
stu_1780967494580_4312,test_1781093235410_7hlnif4,completed_original,WrongAnswer,,SubtractionWithBorrow,vertical_operations,1,Subtraction,SubtractionWithBorrow,,Vertical,2,easy,,,,,,
stu_1780967494776_5259,test_1780996897356_kspg977,completed_original,,RangeUncertainty,,find_previous_next_number,1,,,,,,,520-529,[524],,,,
stu_1780967494776_5259,test_1780996897356_kspg977,completed_original,,RangeUncertainty,,find_previous_next_number,1,,,,,,,590-599,[595],,,,
stu_1780967494776_5259,test_1780996897356_kspg977,completed_original,,RangeUncertainty,,find_previous_next_number,1,,,,,,,240-249,[247],,,,
stu_1780967494776_5259,test_1780996897356_kspg977,completed_original,,RangeUncertainty,,find_previous_next_number,1,,,,,,,920-929,[923],,,,
stu_1780967494776_5259,test_1780996897356_kspg977,completed_original,WrongAnswer,,SimpleAddition,vertical_operations,1,Addition,SimpleAddition,,Vertical,2,easy,,,,,,
stu_1780967494776_5259,test_1781051031467_d8q3s6i,completed_original,WrongAnswer,ComputationError,OneStepProblem,choose_answer,1,,,OneStepProblem,Horizontal,2,easy,,,,,"[""Subtraction""]","[""Subtraction""]"
stu_1780967494776_5259,test_1781051031467_d8q3s6i,completed_original,,RangeUncertainty,,find_previous_next_number,1,,,,,,,920-929,[923],,,,
stu_1780967494776_5259,test_1781051031467_d8q3s6i,completed_original,,RangeUncertainty,,find_previous_next_number,1,,,,,,,40-49,[42],,,,
stu_1780967494776_5259,test_1781051031467_d8q3s6i,completed_original,WrongAnswer,ReversedDescending,Ordering,order_numbers,2,,,Ordering,Visual,3,hard,,,,,,
stu_1780967494776_5259,test_1781051031467_d8q3s6i,completed_original,WrongAnswer,ReversedDescending,Ordering,order_numbers,1,,,Ordering,Visual,3,hard,,,,,,
stu_1780967494776_5259,test_1781051031467_d8q3s6i,completed_original,WrongAnswer,ReversedAscending,Ordering,order_numbers,2,,,Ordering,Visual,3,hard,,,,,,
stu_1780967494776_5259,test_1781051031467_d8q3s6i,completed_original,WrongAnswer,ReversedAscending,Ordering,order_numbers,1,,,Ordering,Visual,3,hard,,,,,,
stu_1780967494776_5259,test_1781051031467_d8q3s6i,completed_original,WrongAnswer,,AdditionWithCarry,vertical_operations,1,Addition,AdditionWithCarry,,Vertical,2,medium,,,,,,
stu_1780967494776_5259,test_1781089532764_fckxbu0,completed_original,,RangeUncertainty,,find_previous_next_number,1,,,,,,,890-899,[897],,,,
stu_1780967494776_5259,test_1781089532764_fckxbu0,completed_original,,RangeUncertainty,,find_previous_next_number,1,,,,,,,790-799,[790],,,,
stu_1780967494776_5259,test_1781089532764_fckxbu0,completed_original,WrongAnswer,,AdditionWithCarry,vertical_operations,1,Addition,AdditionWithCarry,,Vertical,2,easy,,,,,,
stu_1780967494776_5259,test_1781091763213_4cfhvjq,completed_original,,RangeUncertainty,,find_previous_next_number,1,,,,,,,690-699,[695],,,,
stu_1780967494776_5259,test_1781091763213_4cfhvjq,completed_original,WrongAnswer,ReversedDescending,Ordering,order_numbers,1,,,Ordering,Visual,3,hard,,,,,,
stu_1780967494776_5259,test_1781091763213_4cfhvjq,completed_original,WrongAnswer,MultipleMisplacements,Ordering,order_numbers,1,,,Ordering,Visual,3,hard,,,,,,
stu_1780967494776_5259,test_1781091763213_4cfhvjq,completed_original,WrongAnswer,,AdditionWithCarry,vertical_operations,1,Addition,AdditionWithCarry,,Vertical,2,easy,,,,,,
stu_1780967494776_5259,test_1781093235410_7hlnif4,completed_original,WrongAnswer,,reading_numbers_ar,read_number_aloud,5,,reading_numbers_ar,ReadingNumbersAloud,Audio,,,,,,,,
stu_1780967494776_5259,test_1781093235410_7hlnif4,completed_original,WrongAnswer,,two_digit_number_names_ar,read_number_aloud,2,,two_digit_number_names_ar,ReadingNumbersAloud,Audio,,,,,,,,
stu_1780967494776_5259,test_1781093235410_7hlnif4,completed_original,WrongAnswer,,AdditionWithCarry,vertical_operations,1,Addition,AdditionWithCarry,,Vertical,2,easy,,,,,,
stu_1780967494964_3113,test_1780996897356_kspg977,completed_original,,RangeUncertainty,,find_previous_next_number,1,,,,,,,750-759,[755],,,,
stu_1780967494964_3113,test_1780996897356_kspg977,completed_original,,RangeUncertainty,,find_previous_next_number,1,,,,,,,840-849,[840],,,,
stu_1780967494964_3113,test_1780996897356_kspg977,completed_original,,RangeUncertainty,,find_previous_next_number,1,,,,,,,240-249,[240],,,,
stu_1780967494964_3113,test_1780996897356_kspg977,completed_original,,RangeUncertainty,,find_previous_next_number,1,,,,,,,870-879,[876],,,,
stu_1780967494964_3113,test_1780996897356_kspg977,completed_original,,DigitLengthMistake,NumberRecognitionByAudio,what_number_do_you_hear,1,,,NumberRecognitionByAudio,,,,,[0],,,,
stu_1780967494964_3113,test_1781051031467_d8q3s6i,completed_original,,RangeUncertainty,,find_previous_next_number,1,,,,,,,880-889,[887],,,,
stu_1780967494964_3113,test_1781051031467_d8q3s6i,completed_original,,RangeUncertainty,,find_previous_next_number,1,,,,,,,310-319,[314],,,,
stu_1780967494964_3113,test_1781089532764_fckxbu0,completed_original,,RangeUncertainty,,find_previous_next_number,1,,,,,,,770-779,[774],,,,
stu_1780967494964_3113,test_1781089532764_fckxbu0,completed_original,,RangeUncertainty,,find_previous_next_number,1,,,,,,,510-519,[518],,,,
stu_1780967494964_3113,test_1781091763213_4cfhvjq,completed_original,WrongAnswer,IncorrectValues,Decomposition,decompose_number,1,,,Decomposition,Visual,3,medium,,,,,,
stu_1780967494964_3113,test_1781091763213_4cfhvjq,completed_original,,RangeUncertainty,,find_previous_next_number,1,,,,,,,430-439,[434],,,,
stu_1780967494964_3113,test_1781091763213_4cfhvjq,completed_original,,RangeUncertainty,,find_previous_next_number,1,,,,,,,240-249,[245],,,,
stu_1780967494964_3113,test_1781093235410_7hlnif4,completed_original,WrongAnswer,,reading_numbers_ar,read_number_aloud,3,,reading_numbers_ar,ReadingNumbersAloud,Audio,,,,,,,,
stu_1780967494964_3113,test_1781093235410_7hlnif4,completed_original,WrongAnswer,,two_digit_number_names_ar,read_number_aloud,2,,two_digit_number_names_ar,ReadingNumbersAloud,Audio,,,,,,,,
stu_1780967494964_3113,test_1781094588909_etc7w2i,completed_original,,RangeUncertainty,,find_previous_next_number,1,,,,,,,860-869,[865],,,,
stu_1780967494964_3113,test_1781094588909_etc7w2i,completed_original,,RangeUncertainty,,find_previous_next_number,1,,,,,,,810-819,[814],,,,
stu_1780967760765_5855,test_1781051031467_d8q3s6i,completed_original,WrongAnswer,ComputationError,OneStepProblem,choose_answer,1,,,OneStepProblem,Horizontal,2,easy,,,,,"[""Subtraction""]","[""Subtraction""]"
stu_1780967760765_5855,test_1781051031467_d8q3s6i,completed_original,,MissingNext,NextNumber,find_previous_next_number,4,,,NextNumber,,,,,"[329,329,329,329]",,,,
stu_1780967760765_5855,test_1781051031467_d8q3s6i,completed_original,,TensTransitionMistake,,find_previous_next_number,4,,,,,,,,"[329,329,329,329]",,,,
stu_1780967760765_5855,test_1781051031467_d8q3s6i,completed_original,,RangeUncertainty,,find_previous_next_number,1,,,,,,,690-699,[694],,,,
stu_1780967760765_5855,test_1781051031467_d8q3s6i,completed_original,,AboveThresholdWeakness,,find_previous_next_number,4,,,,,,,,"[329,329,329,329]",,,,
stu_1780967760765_5855,test_1781051031467_d8q3s6i,completed_original,WrongAnswer,,SubtractionWithBorrow,vertical_operations,1,Subtraction,SubtractionWithBorrow,,Vertical,2,very-easy,,,,,,
stu_1780967760765_5855,test_1781051031467_d8q3s6i,completed_original,WrongAnswer,,AdditionWithCarry,vertical_operations,1,Addition,AdditionWithCarry,,Vertical,2,easy,,,,,,
stu_1780967760765_5855,test_1781051031467_d8q3s6i,completed_original,,RepeatedWritingMistake,NumberToWord,write_number_in_letters,3,,,NumberToWord,,3,,,,"[""مئتان"",""و"",""ستة"",""و"",""خمسون""]",,,
stu_1780967760954_1871,test_1781051031467_d8q3s6i,completed_original,,RangeUncertainty,,find_previous_next_number,1,,,,,,,110-119,[115],,,,
stu_1780967760954_1871,test_1781051031467_d8q3s6i,completed_original,,RangeUncertainty,,find_previous_next_number,1,,,,,,,450-459,[451],,,,
stu_1780967760954_1871,test_1781051031467_d8q3s6i,completed_original,WrongAnswer,,SimpleSubtraction,vertical_operations,1,Subtraction,SimpleSubtraction,,Vertical,2,easy,,,,,,
stu_1780967760954_1871,test_1781091763213_4cfhvjq,partial,,RangeUncertainty,,find_previous_next_number,1,,,,,,,460-469,[468],,,,
stu_1780967760954_1871,test_1781091763213_4cfhvjq,partial,,RangeUncertainty,,find_previous_next_number,1,,,,,,,260-269,[262],,,,
stu_1780967760954_1871,test_1781091763213_4cfhvjq,partial,,RangeUncertainty,,find_previous_next_number,2,,,,,,,40-49,"[45,40]",,,,
stu_1780967760954_1871,test_1781093235410_7hlnif4,completed_original,WrongAnswer,,reading_numbers_ar,read_number_aloud,5,,reading_numbers_ar,ReadingNumbersAloud,Audio,,,,,,,,
stu_1780967760954_1871,test_1781093235410_7hlnif4,completed_original,WrongAnswer,,two_digit_number_names_ar,read_number_aloud,1,,two_digit_number_names_ar,ReadingNumbersAloud,Audio,,,,,,,,
stu_1780967760954_1871,test_1781094588909_etc7w2i,completed_original,,RangeUncertainty,,find_previous_next_number,1,,,,,,,400-409,[407],,,,
stu_1780967760954_1871,test_1781094588909_etc7w2i,completed_original,,RangeUncertainty,,find_previous_next_number,1,,,,,,,370-379,[373],,,,
stu_1780967760954_1871,test_1781094588909_etc7w2i,completed_original,,RangeUncertainty,,find_previous_next_number,1,,,,,,,60-69,[69],,,,
stu_1780967760954_1871,test_1781094588909_etc7w2i,completed_original,,RangeUncertainty,,find_previous_next_number,1,,,,,,,70-79,[77],,,,
stu_1780967760954_1871,test_1781094588909_etc7w2i,completed_original,WrongAnswer,,SimpleSubtraction,vertical_operations,2,Subtraction,SimpleSubtraction,,Vertical,2,easy,,,,,,
stu_1780967761139_4648,test_1780996897356_kspg977,completed_original,WrongAnswer,ComputationError,OneStepProblem,choose_answer,1,,,OneStepProblem,Horizontal,2,medium,,,,,"[""Subtraction""]","[""Subtraction""]"
stu_1780967761139_4648,test_1780996897356_kspg977,completed_original,,RangeUncertainty,,find_previous_next_number,1,,,,,,,410-419,[416],,,,
stu_1780967761139_4648,test_1780996897356_kspg977,completed_original,,RangeUncertainty,,find_previous_next_number,1,,,,,,,730-739,[736],,,,
stu_1780967761139_4648,test_1780996897356_kspg977,completed_original,,RangeUncertainty,,find_previous_next_number,1,,,,,,,560-569,[563],,,,
stu_1780967761139_4648,test_1780996897356_kspg977,completed_original,,RangeUncertainty,,find_previous_next_number,1,,,,,,,80-89,[84],,,,
stu_1780967761139_4648,test_1780996897356_kspg977,completed_original,WrongAnswer,ReversedAscending,Ordering,order_numbers,2,,,Ordering,Visual,3,hard,,,,,,
stu_1780967761139_4648,test_1780996897356_kspg977,completed_original,WrongAnswer,ReversedAscending,Ordering,order_numbers,2,,,Ordering,Visual,3,hard,,,,,,
stu_1780967761139_4648,test_1780996897356_kspg977,completed_original,WrongAnswer,ReversedAscending,Ordering,order_numbers,2,,,Ordering,Visual,3,hard,,,,,,
stu_1780967761139_4648,test_1780996897356_kspg977,completed_original,WrongAnswer,ReversedAscending,Ordering,order_numbers,2,,,Ordering,Visual,3,hard,,,,,,
stu_1780967761139_4648,test_1780996897356_kspg977,completed_original,WrongAnswer,ReversedAscending,Ordering,order_numbers,2,,,Ordering,Visual,3,hard,,,,,,
stu_1780967761139_4648,test_1780996897356_kspg977,completed_original,WrongAnswer,ReversedAscending,Ordering,order_numbers,2,,,Ordering,Visual,3,hard,,,,,,
stu_1780967761139_4648,test_1780996897356_kspg977,completed_original,WrongAnswer,ReversedAscending,Ordering,order_numbers,2,,,Ordering,Visual,3,hard,,,,,,
stu_1780967761139_4648,test_1780996897356_kspg977,completed_original,WrongAnswer,ReversedAscending,Ordering,order_numbers,2,,,Ordering,Visual,3,hard,,,,,,
stu_1780967761139_4648,test_1781051031467_d8q3s6i,completed_original,WrongAnswer,ComputationError,OneStepProblem,choose_answer,1,,,OneStepProblem,Horizontal,2,easy,,,,,"[""Subtraction""]","[""Subtraction""]"
stu_1780967761139_4648,test_1781051031467_d8q3s6i,completed_original,WrongAnswer,MisidentifiedOperation,OneStepProblem,choose_answer,1,,,OneStepProblem,Horizontal,2,easy,,,,,"[""Addition""]","[""Subtraction""]"
stu_1780967761139_4648,test_1781051031467_d8q3s6i,completed_original,WrongAnswer,MisidentifiedOperation,OneStepProblem,choose_answer,1,,,OneStepProblem,Horizontal,1,very-easy,,,,,"[""Addition""]","[""Subtraction""]"
stu_1780967761139_4648,test_1781051031467_d8q3s6i,completed_original,,RangeUncertainty,,find_previous_next_number,1,,,,,,,890-899,[890],,,,
stu_1780967761139_4648,test_1781051031467_d8q3s6i,completed_original,,RangeUncertainty,,find_previous_next_number,1,,,,,,,790-799,[792],,,,
stu_1780967761139_4648,test_1781051031467_d8q3s6i,completed_original,WrongAnswer,ReversedAscending,Ordering,order_numbers,1,,,Ordering,Visual,3,hard,,,,,,
stu_1780967761139_4648,test_1781051031467_d8q3s6i,completed_original,WrongAnswer,ReversedAscending,Ordering,order_numbers,1,,,Ordering,Visual,3,hard,,,,,,
stu_1780967761139_4648,test_1781051031467_d8q3s6i,completed_original,WrongAnswer,MultipleMisplacements,Ordering,order_numbers,1,,,Ordering,Visual,3,hard,,,,,,
stu_1780967761139_4648,test_1781093235410_7hlnif4,completed_original,WrongAnswer,,reading_numbers_ar,read_number_aloud,4,,reading_numbers_ar,ReadingNumbersAloud,Audio,,,,,,,,
stu_1780967761139_4648,test_1781093235410_7hlnif4,completed_original,WrongAnswer,,two_digit_number_names_ar,read_number_aloud,2,,two_digit_number_names_ar,ReadingNumbersAloud,Audio,,,,,,,,
stu_1780967761139_4648,test_1781093235410_7hlnif4,completed_original,WrongAnswer,,pronunciation_or_parser_minor_ar,read_number_aloud,2,,pronunciation_or_parser_minor_ar,ReadingNumbersAloud,Audio,,,,,,,,
stu_1780967877464_7804,test_1781051031467_d8q3s6i,completed_original,WrongAnswer,ReversedSign,Comparison,compare_numbers,1,,,Comparison,Horizontal,3,medium,,,,,,
stu_1780967877464_7804,test_1781051031467_d8q3s6i,completed_original,,RangeUncertainty,,find_previous_next_number,1,,,,,,,800-809,[804],,,,
stu_1780967877464_7804,test_1781051031467_d8q3s6i,completed_original,,RangeUncertainty,,find_previous_next_number,1,,,,,,,200-209,[201],,,,
stu_1780967877464_7804,test_1781091763213_4cfhvjq,partial,,RangeUncertainty,,find_previous_next_number,1,,,,,,,0-9,[6],,,,
stu_1780967877464_7804,test_1781091763213_4cfhvjq,partial,,RangeUncertainty,,find_previous_next_number,1,,,,,,,620-629,[626],,,,
